feature,importance_mean,importance_std,target_correlation,impurity_importance
Median_mortgage_repay_monthly,1.411519998260035,0.024840746496522393,0.8256201226028143,0.7852780607784833
Median_tot_hhd_inc_weekly,0.16535836738794957,0.004025133033518946,0.72151275995782,0.046557259093383214
median_employee_income,0.07060394666038766,0.002551975265182943,0.5548647075839923,0.023357609021431965
population,0.06540678486150664,0.00228071658014254,0.3010529067579734,0.04180717300668038
Median_tot_fam_inc_weekly,0.05875260119905262,0.0019925623464847214,0.6831540515017903,0.030104130160809615
Average_num_psns_per_bedroom,0.02795982336456395,0.0012870795996695126,0.13555751053832094,0.021370055863381577
Average_household_size,0.025378399669749085,0.001730048750755066,0.20426307479921835,0.01741362627298673
Median_tot_prsnl_inc_weekly,0.02241347320994306,0.0007675316355069964,0.5621374530276904,0.0187644560756438
Median_age_persons,0.019945798118291513,0.000514225368492411,-0.19960755538261057,0.015347629727199363
