sa2_code,actual_rent,predicted_rent,residual,absolute_error
504031063,799.5,182.3626520189995,617.1373479810005,617.1373479810005
801091107,899.5,547.0151406497208,352.4848593502792,352.4848593502792
801041043,149.0,476.3026026780628,-327.3026026780628,327.3026026780628
510031273,155.56,477.8012175180373,-322.2412175180373,322.2412175180373
510031271,52.26,339.4420538210862,-287.1820538210862,287.1820538210862
702041064,125.22,374.3517491800793,-249.1317491800793,249.1317491800793
505031256,263.5,470.14193078190283,-206.64193078190283,206.64193078190283
128021537,399.5,202.17953165260673,197.32046834739327,197.32046834739327
503011036,354.71,545.1205734728233,-190.41057347282327,190.41057347282327
801111140,299.67,479.8591263810261,-180.18912638102609,180.18912638102609
510011266,109.28,275.8576231313131,-166.57762313131312,166.57762313131312
406011135,37.5,201.14043810004802,-163.64043810004802,163.64043810004802
702011047,402.35,239.4356751166426,162.9143248833574,162.9143248833574
503011034,307.57,464.4872189896216,-156.91721898962163,156.91721898962163
511031283,66.45,198.64344677415187,-132.19344677415188,132.19344677415188
702011045,359.38,232.08906843212355,127.29093156787644,127.29093156787644
312011341,131.72,252.00835799062042,-120.28835799062043,120.28835799062043
312011338,86.56,199.6228371574721,-113.0628371574721,113.0628371574721
801061130,349.0,457.32035703944234,-108.32035703944234,108.32035703944234
302041044,294.04,398.82414948477475,-104.78414948477473,104.78414948477473
801051050,337.37,441.3672049290522,-103.9972049290522,103.9972049290522
128021534,677.08,575.0498203449324,102.03017965506763,102.03017965506763
118011650,644.42,542.7163132190952,101.70368678090472,101.70368678090472
122031697,576.87,475.5373488070265,101.33265119297351,101.33265119297351
309081262,499.5,404.17370926767643,95.32629073232357,95.32629073232357
402021033,302.75,395.5644355598104,-92.81443555981042,92.81443555981042
102011030,364.47,451.2374915836938,-86.76749158369375,86.76749158369375
801011002,432.34,346.0411055982906,86.29889440170939,86.29889440170939
122031696,719.46,633.4651329329,85.99486706710002,85.99486706710002
116031316,314.32,400.0650184589947,-85.7450184589947,85.7450184589947
316051438,459.7,374.45970296296304,85.24029703703695,85.24029703703695
203031049,391.17,474.8851600360748,-83.71516003607479,83.71516003607479
801041038,588.8,506.0731375090184,82.72686249098155,82.72686249098155
505011076,650.83,568.4481138335736,82.3818861664264,82.3818861664264
116021562,539.1,460.0446025024046,79.05539749759544,79.05539749759544
504011046,302.55,380.3535062791837,-77.8035062791837,77.8035062791837
309011229,478.15,400.36685726079446,77.78314273920552,77.78314273920552
306011138,455.02,379.0711168574021,75.94888314259788,75.94888314259788
304021088,557.07,482.3636539484589,74.70634605154117,74.70634605154117
118011347,607.84,534.714410301828,73.125589698172,73.125589698172
311031318,475.93,403.21446419191903,72.71553580808097,72.71553580808097
601021006,387.34,314.8324764762091,72.5075235237909,72.5075235237909
506011116,356.91,427.88564334970613,-70.9756433497061,70.9756433497061
801041035,519.57,450.67225890572377,68.89774109427628,68.89774109427628
506061144,324.76,392.99903437571726,-68.23903437571727,68.23903437571727
511011274,270.3,338.4712144649795,-68.17121446497947,68.17121446497947
309081259,509.69,442.7961335341509,66.8938664658491,66.8938664658491
309031236,435.65,369.1653151461503,66.48468485384967,66.48468485384967
509011232,267.32,333.5673665492842,-66.24736654928421,66.24736654928421
319031515,214.0,279.75417401214514,-65.75417401214514,65.75417401214514
207011155,475.16,540.0388194336215,-64.87881943362146,64.87881943362146
114021289,391.36,454.97822796851307,-63.618227968513054,63.618227968513054
309091264,457.07,394.1266296127946,62.94337038720539,62.94337038720539
213031347,351.42,412.77249310911316,-61.35249310911314,61.35249310911314
112011239,497.76,436.571744766992,61.188255233007965,61.188255233007965
404021102,271.13,332.2336777397602,-61.1036777397602,61.1036777397602
506011115,341.47,402.32845095358357,-60.85845095358354,60.85845095358354
120011386,567.79,507.30098850048137,60.4890114995186,60.4890114995186
406021141,94.69,153.70675656084651,-59.01675656084652,59.01675656084652
127011504,269.32,327.52713074194327,-58.207130741943274,58.207130741943274
117031643,590.51,533.2472647582972,57.262735241702785,57.262735241702785
102021052,399.74,342.4952529658305,57.24474703416951,57.24474703416951
315011403,515.34,458.42589140812856,56.91410859187147,56.91410859187147
511041287,312.38,369.06134977716755,-56.681349777167554,56.681349777167554
206031115,327.08,382.75471365699093,-55.674713656990946,55.674713656990946
305021116,426.95,482.3431967712839,-55.3931967712839,55.3931967712839
207011154,472.97,527.5107262366333,-54.540726236633304,54.540726236633304
215021395,260.35,314.42361522181545,-54.07361522181543,54.07361522181543
111021216,407.32,353.4041399651273,53.91586003487271,53.91586003487271
306011139,407.88,354.2157831208606,53.66421687913942,53.66421687913942
303051075,460.52,408.12272231167015,52.39727768832984,52.39727768832984
128011531,524.87,472.65234654401166,52.21765345598834,52.21765345598834
111031229,446.22,394.58700294252077,51.63299705747926,51.63299705747926
119011572,417.63,366.39280766113495,51.23719233886504,51.23719233886504
303031066,443.19,392.20462234977987,50.98537765022013,50.98537765022013
801101135,483.98,433.1176023208273,50.862397679172716,50.862397679172716
112031253,476.52,425.83197954582425,50.68802045417573,50.68802045417573
115011553,562.53,511.9778766887741,50.5521233112259,50.5521233112259
404031106,312.08,362.5747122520073,-50.49471225200733,50.49471225200733
106011110,312.63,363.0449498641171,-50.41494986411709,50.41494986411709
305011110,477.68,427.29676496151984,50.383235038480166,50.383235038480166
114011281,352.36,402.58099045537784,-50.22099045537783,50.22099045537783
118011649,615.88,566.3216106357534,49.558389364246636,49.558389364246636
109011175,225.84,275.17376275650275,-49.33376275650275,49.33376275650275
505011080,532.33,483.33779213952675,48.992207860473286,48.992207860473286
601031019,332.99,284.10109016113535,48.88890983886466,48.88890983886466
302021027,420.56,371.91859800551305,48.641401994486955,48.641401994486955
309011226,507.96,459.61950570226065,48.340494297739326,48.340494297739326
501021016,265.71,313.8978560213859,-48.187856021385926,48.187856021385926
120031680,490.96,538.7519750252524,-47.791975025252384,47.791975025252384
114021287,404.16,451.66264718327955,-47.50264718327952,47.50264718327952
102021045,406.7,359.2034935040884,47.4965064959116,47.4965064959116
403021063,377.62,330.2647340075668,47.3552659924332,47.3552659924332
204021067,242.06,288.8196232530432,-46.75962325304317,46.75962325304317
203021044,378.86,332.46253071789306,46.397469282106954,46.397469282106954
601011002,360.78,314.8441726014726,45.93582739852735,45.93582739852735
118021569,572.28,526.509428433141,45.77057156685896,45.77057156685896
211011255,428.06,473.2981695911496,-45.238169591149585,45.238169591149585
501021252,369.04,414.26404606902344,-45.224046069023416,45.224046069023416
309071552,438.2,393.1444831865357,45.055516813464294,45.055516813464294
801011007,470.22,425.3309424170276,44.88905758297244,44.88905758297244
125011582,461.55,417.12779556637815,44.42220443362186,44.42220443362186
121011683,626.37,582.2334727717652,44.136527228234854,44.136527228234854
214021383,385.78,429.5934808645058,-43.813480864505834,43.813480864505834
311041568,406.01,449.6958720696896,-43.685872069689594,43.685872069689594
111031232,437.09,393.6027462694719,43.487253730528096,43.487253730528096
316071547,408.32,451.0162605502828,-42.69626055028283,42.69626055028283
801101139,471.86,429.3091936135163,42.550806386483714,42.550806386483714
308011190,165.23,207.6281383324084,-42.39813833240842,42.39813833240842
509011228,299.06,341.40849620379635,-42.348496203796344,42.348496203796344
318021468,380.37,338.07443917508397,42.29556082491604,42.29556082491604
122031430,536.89,579.0494183357386,-42.159418335738565,42.159418335738565
205051102,231.12,273.2597998112074,-42.13979981120741,42.13979981120741
119041671,542.96,500.9703102429055,41.98968975709454,41.98968975709454
128021535,584.96,543.1133310993634,41.84666890063659,41.84666890063659
801041040,454.23,413.11266706950454,41.11733293049548,41.11733293049548
106041127,281.77,322.2123731709959,-40.44237317099589,40.44237317099589
209011199,362.99,403.20133704785974,-40.21133704785973,40.21133704785973
127031599,355.3,315.2607794552671,40.03922054473293,40.03922054473293
701011004,390.6,430.3631268994896,-39.76312689948958,39.76312689948958
310011271,368.01,328.28104754569506,39.72895245430493,39.72895245430493
118011339,639.47,599.8746223172199,39.59537768278017,39.59537768278017
301011003,437.58,397.9868270036446,39.593172996355406,39.593172996355406
307031186,240.47,279.8780153619528,-39.408015361952806,39.408015361952806
211021261,450.93,490.12198950003716,-39.19198950003715,39.19198950003715
316061444,417.55,456.4326497763346,-38.882649776334574,38.882649776334574
310021278,262.51,300.75098280062525,-38.24098280062526,38.24098280062526
103031070,270.92,309.1419575534655,-38.22195755346547,38.22195755346547
701031035,346.61,384.6809622039074,-38.07096220390741,38.07096220390741
108041620,419.17,381.20328145141895,37.96671854858107,37.96671854858107
601031015,327.34,290.3901669403743,36.94983305962569,36.94983305962569
316021422,408.47,445.0630170341694,-36.59301703416935,36.59301703416935
118011340,639.33,602.7774511147188,36.552548885281226,36.552548885281226
317011458,344.63,381.16124109982616,-36.53124109982616,36.53124109982616
107011546,307.03,343.4780531012507,-36.44805310125071,36.44805310125071
601041024,384.22,347.8410951443927,36.378904855607345,36.378904855607345
506051139,388.2,351.8590049408,36.3409950592,36.3409950592
205041094,229.04,265.3515958699634,-36.311595869963384,36.311595869963384
106031119,399.11,362.9486552934103,36.161344706589716,36.161344706589716
317011453,289.67,253.7288126635403,35.941187336459706,35.941187336459706
119031664,470.94,435.2801627549304,35.65983724506958,35.65983724506958
311041569,434.15,398.49030532227033,35.65969467772965,35.65969467772965
316051435,475.21,439.55343838411585,35.65656161588413,35.65656161588413
127031731,379.52,345.12478721408235,34.395212785917636,34.395212785917636
303051074,469.66,435.42927518093,34.23072481907002,34.23072481907002
106021617,365.8,331.7063304023754,34.093669597624626,34.093669597624626
117031639,522.96,488.9037453083029,34.05625469169712,34.05625469169712
202011024,407.59,373.53432042901534,34.05567957098464,34.05567957098464
109011176,252.44,286.35921592888616,-33.91921592888616,33.91921592888616
308051530,272.41,306.2403851815778,-33.83038518157775,33.83038518157775
202011023,388.29,354.6130522174126,33.67694778258743,33.67694778258743
319031512,295.54,262.1600501142376,33.379949885762414,33.379949885762414
304031092,492.59,525.9658360072334,-33.37583600723343,33.37583600723343
601021005,428.38,395.0244569747845,33.35554302521547,33.35554302521547
309071256,445.85,412.70571059958564,33.14428940041438,33.14428940041438
311061329,406.69,373.56322419312204,33.12677580687796,33.12677580687796
505011083,481.68,449.1857395954971,32.49426040450288,32.49426040450288
105031100,296.02,328.47692936554193,-32.45692936554195,32.45692936554195
213051584,399.61,431.76680098244327,-32.15680098244326,32.15680098244326
313021573,299.79,331.84806993071754,-32.05806993071752,32.05806993071752
306021154,284.04,252.04624328167202,31.993756718328,31.993756718328
124011449,387.01,355.0691873900175,31.940812609982515,31.940812609982515
507011260,444.36,412.4603485676361,31.899651432363896,31.899651432363896
111021218,385.43,417.2487914470714,-31.81879144707142,31.81879144707142
316061440,386.39,354.74272997900255,31.64727002099744,31.64727002099744
213041461,407.94,377.2759147149149,30.664085285085093,30.664085285085093
402021030,227.77,258.3434056048581,-30.573405604858095,30.573405604858095
127011597,527.13,496.66590884633837,30.464091153661627,30.464091153661627
201011482,298.43,328.4787282367631,-30.04872823676311,30.04872823676311
105021097,217.5,187.6620393523144,29.837960647685605,29.837960647685605
209041225,368.61,397.7340848704078,-29.124084870407785,29.124084870407785
301031017,460.25,431.2316833184408,29.018316681559213,29.018316681559213
119041382,499.19,470.1934877549304,28.996512245069596,28.996512245069596
128011604,500.3,471.5269059518263,28.773094048173732,28.773094048173732
402031036,304.13,332.72174832861606,-28.591748328616063,28.591748328616063
318021482,352.67,324.154559411237,28.515440588763,28.515440588763
102021049,472.0,500.4074603235654,-28.407460323565374,28.407460323565374
307011173,288.21,316.465804478762,-28.255804478762002,28.255804478762002
406021142,205.2,233.4290226620601,-28.229022662060117,28.229022662060117
211011257,454.22,426.0971863856511,28.1228136143489,28.1228136143489
209041527,404.12,432.12460981842236,-28.004609818422352,28.004609818422352
106011112,336.56,364.401837759093,-27.841837759092982,27.841837759092982
701021030,434.49,406.9068559765231,27.583144023476905,27.583144023476905
505011078,418.29,391.005682138787,27.284317861213026,27.284317861213026
402021035,295.32,322.50992499639267,-27.189924996392676,27.189924996392676
122031429,588.15,560.9788704617605,27.171129538239484,27.171129538239484
503021038,433.02,460.16531123506127,-27.145311235061286,27.145311235061286
119011358,477.44,450.3785308044735,27.061469195526513,27.061469195526513
311011305,307.32,334.0200922587597,-26.700092258759696,26.700092258759696
120031678,510.11,483.61538457958744,26.494615420412572,26.494615420412572
122031432,566.5,592.8950540020164,-26.395054002016423,26.395054002016423
602011042,310.05,283.7155286158286,26.334471384171422,26.334471384171422
101061543,253.52,279.7846553838754,-26.264655383875407,26.264655383875407
122031693,581.55,555.3404636548635,26.209536345136485,26.209536345136485
120031392,483.97,457.8916009078884,26.078399092111624,26.078399092111624
125041493,441.56,415.5441931364932,26.015806863506782,26.015806863506782
319011501,273.7,247.68468009842016,26.01531990157983,26.01531990157983
114011279,370.33,344.42613818487087,25.90386181512912,25.90386181512912
126021498,458.61,484.38461375753883,-25.774613757538816,25.774613757538816
120031576,461.98,436.21593293049534,25.764067069504677,25.764067069504677
314011383,406.21,431.76011396464634,-25.550113964646357,25.550113964646357
108051171,306.42,280.99249767376136,25.427502326238653,25.427502326238653
307011172,249.57,274.887974218374,-25.31797421837399,25.31797421837399
319021508,167.77,193.07217967532478,-25.302179675324766,25.302179675324766
407021154,229.87,204.6064314125689,25.26356858743111,25.26356858743111
121031408,574.82,600.0225981854259,-25.202598185425813,25.202598185425813
310041297,313.22,338.3670102837904,-25.147010283790394,25.147010283790394
309071555,427.74,452.74512208300945,-25.00512208300944,25.00512208300944
201011008,264.41,289.35142365199636,-24.94142365199633,24.94142365199633
302021031,380.6,405.5129056022682,-24.912905602268154,24.912905602268154
319011493,326.06,301.46596155603675,24.594038443963257,24.594038443963257
207031162,405.8,430.35477809042794,-24.55477809042793,24.55477809042793
504031067,332.87,357.3518872871573,-24.481887287157292,24.481887287157292
206031501,396.76,421.23623949374667,-24.476239493746675,24.476239493746675
117021636,535.1,510.7172021753246,24.382797824675436,24.382797824675436
111011206,368.78,393.1485124446848,-24.368512444684825,24.368512444684825
212031457,428.86,453.22261870250134,-24.362618702501322,24.362618702501322
402011025,305.93,330.18671319606347,-24.25671319606346,24.25671319606346
121041416,523.08,498.8713646969698,24.208635303030235,24.208635303030235
206041510,398.63,422.4521463552191,-23.822146355219104,23.822146355219104
801011004,366.33,342.631617908573,23.698382091426993,23.698382091426993
121031412,578.97,602.5317157900437,-23.56171579004365,23.56171579004365
213051581,405.77,429.13239168137426,-23.362391681374277,23.362391681374277
511031280,340.5,363.46435797397044,-22.964357973970436,22.964357973970436
111011209,392.12,369.1749189623341,22.945081037665886,22.945081037665886
203021046,366.39,389.3176537646611,-22.927653764661102,22.927653764661102
211031452,407.26,384.5932635610689,22.666736438931082,22.666736438931082
216021413,214.7,237.32399891534368,-22.62399891534369,22.62399891534369
119031370,403.08,425.54125891136675,-22.46125891136677,22.46125891136677
309041242,424.88,447.2152225781624,-22.335222578162416,22.335222578162416
211041273,504.18,482.0856033330558,22.094396666944192,22.094396666944192
501021253,316.4,338.3952044877344,-21.99520448773444,21.99520448773444
114011272,408.34,430.13136932419405,-21.79136932419408,21.79136932419408
208021427,492.07,470.3005762049062,21.769423795093815,21.769423795093815
604011080,259.96,238.31048193241963,21.649518067580345,21.649518067580345
109011172,327.5,349.11829899711427,-21.618298997114266,21.618298997114266
312021355,295.74,274.17959128778637,21.560408712213643,21.560408712213643
127031522,455.87,434.3226145472585,21.54738545274148,21.54738545274148
602031060,268.26,246.72310372433105,21.536896275668937,21.536896275668937
111031228,425.75,447.235464446757,-21.48546444675702,21.48546444675702
405011115,302.21,280.7541802992376,21.45581970076239,21.45581970076239
102021057,366.2,344.759063598485,21.44093640151499,21.44093640151499
212011546,398.96,420.3565743734967,-21.39657437349672,21.39657437349672
115031300,441.42,462.62553933816184,-21.205539338161827,21.205539338161827
604011076,223.31,244.50765170320412,-21.197651703204116,21.197651703204116
401021010,392.07,413.1922388012911,-21.122238801291132,21.122238801291132
112031250,474.44,453.3320717352091,21.10792826479087,21.10792826479087
212051321,499.23,478.29846412411666,20.931535875883355,20.931535875883355
113011256,297.36,318.2357972460872,-20.87579724608719,20.87579724608719
602021057,252.56,231.87157516474252,20.68842483525748,20.68842483525748
120021387,584.11,563.6209823446924,20.489017655307634,20.489017655307634
204011057,314.64,294.22036557720054,20.419634422799447,20.419634422799447
801091110,465.68,445.35072746521996,20.329272534780046,20.329272534780046
309051244,510.91,490.61233357559087,20.297666424409158,20.297666424409158
801011017,389.31,409.46546770146546,-20.155467701465454,20.155467701465454
206041119,467.3,447.1536687433862,20.14633125661379,20.14633125661379
403021062,320.54,340.68480331890333,-20.144803318903314,20.144803318903314
124011452,377.46,357.5954668999521,19.86453310004788,19.86453310004788
509031249,239.96,220.3682133874459,19.591786612554102,19.591786612554102
604031093,186.22,205.74741222582992,-19.52741222582992,19.52741222582992
112011236,395.27,375.77315777777784,19.496842222222142,19.496842222222142
207011152,416.89,436.30961473683703,-19.419614736837048,19.419614736837048
307021181,224.0,204.63260272366534,19.367397276334657,19.367397276334657
119041380,466.9,447.7508918278021,19.149108172197884,19.149108172197884
311021310,403.8,384.65659507612787,19.14340492387214,19.14340492387214
801011143,429.2,448.0617198442295,-18.861719844229526,18.861719844229526
206051514,399.1,380.2757103606578,18.824289639342226,18.824289639342226
306021156,333.99,352.77851944758936,-18.78851944758935,18.78851944758935
319031514,299.67,318.2906563107265,-18.620656310726474,18.620656310726474
216031416,270.95,289.57028430856195,-18.620284308561963,18.620284308561963
702051066,73.4,92.01950253848004,-18.619502538480035,18.619502538480035
505031258,344.48,363.01428963258957,-18.534289632589548,18.534289632589548
114021284,487.59,469.13723892727654,18.452761072723433,18.452761072723433
309061248,392.56,410.9235487481963,-18.36354874819631,18.36354874819631
115011555,600.69,582.3631339903068,18.326866009693276,18.326866009693276
313011362,372.12,353.8334315422079,18.2865684577921,18.2865684577921
313051377,346.14,327.93705277056284,18.202947229437143,18.202947229437143
204021065,241.22,259.3990090668589,-18.179009066858924,18.179009066858924
114011280,317.19,299.0120951691825,18.17790483081751,18.17790483081751
602011044,299.39,281.21810682743205,18.171893172567934,18.171893172567934
125031481,422.58,404.5873406032855,17.992659396714487,17.992659396714487
303041067,374.39,356.49334407407423,17.896655925925756,17.896655925925756
503021295,416.72,398.8284523919597,17.891547608040355,17.891547608040355
201011007,315.7,333.40585145835695,-17.70585145835696,17.70585145835696
601051029,370.21,387.79185315175556,-17.58185315175558,17.58185315175558
127021520,455.42,437.9054404858105,17.5145595141895,17.5145595141895
205051104,231.6,249.08140597143614,-17.481405971436146,17.481405971436146
307011174,203.68,186.38097070226075,17.299029297739253,17.299029297739253
302031038,380.44,397.67086785113037,-17.23086785113037,17.23086785113037
402051049,319.45,336.6581593362193,-17.208159336219296,17.208159336219296
509021242,151.27,168.1509828792503,-16.880982879250297,16.880982879250297
402041048,279.8,263.14687079004347,16.653129209956546,16.653129209956546
207021425,467.73,451.35304297730045,16.37695702269957,16.37695702269957
116021629,580.5,564.1399948191997,16.36000518080027,16.36000518080027
209041221,379.11,362.854311943149,16.255688056851,16.255688056851
306021147,353.63,337.9459627836053,15.6840372163947,15.6840372163947
405011111,262.86,278.48948154576897,-15.629481545768954,15.629481545768954
212021297,370.3,354.7053591017318,15.59464089826821,15.59464089826821
310021277,299.08,314.629362980584,-15.549362980584021,15.549362980584021
114021288,428.55,444.0557310162981,-15.505731016298114,15.505731016298114
110021194,238.04,222.55375683973446,15.48624316026553,15.48624316026553
112011238,525.0,509.812564564139,15.187435435861005,15.187435435861005
506071145,368.06,383.23293381072637,-15.172933810726363,15.172933810726363
317011452,414.37,399.2020544360269,15.167945563973092,15.167945563973092
307011178,184.38,199.38337958754212,-15.003379587542128,15.003379587542128
214021592,413.54,428.42468037518034,-14.884680375180324,14.884680375180324
319051524,254.06,239.27119164261677,14.788808357383232,14.788808357383232
213021345,375.61,360.85207469326997,14.757925306730044,14.757925306730044
308031220,289.8,304.5018498989899,-14.701849898989906,14.701849898989906
109031182,228.1,213.87039875420882,14.229601245791173,14.229601245791173
209011203,400.94,415.1562033854107,-14.216203385410722,14.216203385410722
112021246,327.1,313.0224114967439,14.077588503256095,14.077588503256095
212041563,311.97,325.9360876221928,-13.966087622192788,13.966087622192788
505031304,457.14,443.22175024901003,13.918249750989958,13.918249750989958
111031227,383.61,369.91094578717525,13.699054212824763,13.699054212824763
302041042,403.68,390.02049180301185,13.659508196988156,13.659508196988156
319041520,310.52,296.8912613359788,13.62873866402117,13.62873866402117
119031667,405.93,419.50707651154465,-13.577076511544647,13.577076511544647
319041516,344.65,331.14239098151864,13.507609018481332,13.507609018481332
307031184,251.83,265.280063519906,-13.450063519905967,13.450063519905967
305011106,412.07,398.66427587551334,13.405724124486653,13.405724124486653
202011021,295.37,282.01987885882636,13.350121141173645,13.350121141173645
313051379,334.12,347.40009647306397,-13.280096473063963,13.280096473063963
501031017,259.9,273.166561304714,-13.266561304714003,13.266561304714003
406021139,168.9,182.1367443440819,-13.236744344081899,13.236744344081899
309021234,443.86,456.85383903503924,-12.99383903503923,12.99383903503923
120031395,474.43,487.4097339030416,-12.97973390304162,12.97973390304162
208021182,395.69,382.7468204971878,12.9431795028122,12.9431795028122
210031535,375.74,388.50569891913614,-12.765698919136128,12.765698919136128
313041372,360.38,373.10276753237474,-12.722767532374746,12.722767532374746
308031222,286.34,298.8905681144782,-12.55056811447821,12.55056811447821
215011388,245.03,232.559099007659,12.470900992341,12.470900992341
110011186,294.86,307.07251067673053,-12.212510676730517,12.212510676730517
209011204,391.47,403.5898095795872,-12.119809579587184,12.119809579587184
126011721,510.7,498.5807004002482,12.119299599751798,12.119299599751798
213011340,412.69,400.7609857412029,11.92901425879711,11.92901425879711
507051313,384.71,396.55961053150537,-11.849610531505391,11.849610531505391
406011131,175.06,186.89458051948054,-11.83458051948054,11.83458051948054
701021018,401.91,413.66118620666344,-11.75118620666342,11.75118620666342
201021010,243.63,255.37754162097175,-11.74754162097176,11.74754162097176
602011052,293.5,281.7962055687832,11.703794431216807,11.703794431216807
210021232,430.71,442.368930026455,-11.658930026455039,11.658930026455039
509031248,290.68,302.32117925102693,-11.641179251026927,11.641179251026927
207011150,513.17,524.5457548860401,-11.375754886040113,11.375754886040113
120031394,487.42,476.2267135834539,11.19328641654613,11.19328641654613
216021412,219.5,230.67393512145253,-11.17393512145253,11.17393512145253
114011277,347.77,358.90452050976836,-11.134520509768379,11.134520509768379
111011208,394.62,383.6443333094682,10.975666690531796,10.975666690531796
109021177,181.72,170.79913427664934,10.920865723350659,10.920865723350659
509031250,189.27,200.12465005078258,-10.854650050782567,10.854650050782567
309061250,520.5,509.65148809283284,10.848511907167165,10.848511907167165
604031094,213.5,224.15309635401636,-10.653096354016355,10.653096354016355
213051467,312.06,322.2921313804714,-10.232131380471401,10.232131380471401
213041572,385.39,395.59755303270833,-10.207553032708347,10.207553032708347
209041217,387.56,397.726705615403,-10.166705615402975,10.166705615402975
115011622,603.59,593.6957048893694,9.894295110630651,9.894295110630651
402041043,299.41,309.28525380471416,-9.875253804714134,9.875253804714134
310031285,303.96,313.80225983285237,-9.842259832852392,9.842259832852392
124051470,445.15,435.30785751840756,9.842142481592418,9.842142481592418
215031400,166.06,175.73199478253238,-9.67199478253238,9.67199478253238
406011132,148.46,157.78028487614245,-9.320284876142438,9.320284876142438
504031056,359.73,369.02627611823374,-9.29627611823372,9.29627611823372
407031164,213.89,223.14254919423183,-9.252549194231847,9.252549194231847
122021422,567.34,558.2025936423757,9.137406357624286,9.137406357624286
501031019,233.54,242.65822935499693,-9.118229354996942,9.118229354996942
507011163,354.28,363.33137729113497,-9.051377291134997,9.051377291134997
212041310,394.22,403.10948514097004,-8.88948514097001,8.88948514097001
208011171,445.03,453.82439843092124,-8.794398430921262,8.794398430921262
122021421,577.5,586.2518579797976,-8.751857979797592,8.751857979797592
217011423,179.31,188.0554541526066,-8.745454152606584,8.745454152606584
312021356,290.45,299.1942899146226,-8.744289914622584,8.744289914622584
505031102,296.49,305.2330312493986,-8.743031249398598,8.743031249398598
120011385,576.22,567.5054792566693,8.714520743330695,8.714520743330695
103021069,214.34,205.7648744107744,8.575125589225593,8.575125589225593
212021453,375.59,384.1324261772486,-8.542426177248615,8.542426177248615
504031061,393.6,402.00813138454157,-8.408131384541548,8.408131384541548
103041077,298.76,307.11007899304417,-8.350078993044178,8.350078993044178
213051580,401.09,409.3620398446926,-8.272039844692642,8.272039844692642
205031089,279.4,287.4596032036482,-8.059603203648237,8.059603203648237
210031538,401.75,393.7470599432049,8.002940056795126,8.002940056795126
208031191,437.37,429.48252223905695,7.887477760943057,7.887477760943057
123021438,381.72,389.4595767438116,-7.739576743811597,7.739576743811597
302031040,375.46,368.0123383234358,7.4476616765641666,7.4476616765641666
119031374,490.63,483.2795048800275,7.350495119972493,7.350495119972493
303021057,391.34,398.4971090632516,-7.157109063251653,7.157109063251653
212051322,475.46,468.34993655649885,7.110063443501133,7.110063443501133
318021582,378.56,385.6668665431786,-7.106866543178626,7.106866543178626
216021414,288.9,295.9423856445409,-7.0423856445409,7.0423856445409
208011170,564.18,557.1449912457912,7.035008754208775,7.035008754208775
304021089,588.5,595.366902290765,-6.866902290764983,6.866902290764983
103031073,228.5,221.8997505891334,6.60024941086661,6.60024941086661
107011545,353.02,359.48187278379044,-6.461872783790454,6.461872783790454
406011130,216.92,223.28944301467044,-6.369443014670452,6.369443014670452
310011274,304.38,310.6198031216934,-6.239803121693399,6.239803121693399
210031237,384.41,378.2681753772153,6.141824622784725,6.141824622784725
509011229,176.54,170.4632386195287,6.076761380471282,6.076761380471282
119031665,485.29,491.2477535986235,-5.957753598623469,5.957753598623469
201021011,327.17,321.2693453876216,5.900654612378389,5.900654612378389
209041436,387.59,381.8291365452141,5.760863454785863,5.760863454785863
211031266,390.36,384.64910524910243,5.71089475089758,5.71089475089758
213031349,399.89,394.1905739992412,5.699426000758763,5.699426000758763
604011083,246.82,252.30193306619307,-5.481933066193079,5.481933066193079
124051580,390.3,384.9481473937175,5.3518526062825345,5.3518526062825345
303031063,388.85,394.12723212361715,-5.277232123617125,5.277232123617125
507031261,404.72,409.9894543957894,-5.269454395789353,5.269454395789353
212021454,390.4,395.60706031625796,-5.20706031625798,5.20706031625798
316031428,410.99,405.7989959319388,5.191004068061204,5.191004068061204
213021343,401.77,406.9467420100272,-5.176742010027226,5.176742010027226
402031176,321.22,326.33273119288094,-5.112731192880915,5.112731192880915
104021085,370.18,365.0795950475451,5.1004049524548805,5.1004049524548805
206051512,421.04,415.98651193463905,5.053488065360966,5.053488065360966
313041376,421.5,416.45884083287075,5.041159167129251,5.041159167129251
121041414,564.83,559.818619220779,5.0113807792209855,5.0113807792209855
309031240,437.2,442.11950569652566,-4.919505696525675,4.919505696525675
602011038,320.98,325.8157742748918,-4.835774274891776,4.835774274891776
403011056,362.21,366.793351643819,-4.5833516438190145,4.5833516438190145
108021155,285.44,290.0207627528956,-4.580762752895623,4.580762752895623
215031405,190.09,194.6476718073593,-4.5576718073592986,4.5576718073592986
403041079,261.27,256.79248828144085,4.477511718559128,4.477511718559128
317011454,285.98,290.3125598737373,-4.332559873737296,4.332559873737296
101041025,346.36,342.06950831164215,4.290491688357861,4.290491688357861
506011308,422.51,426.7583170560918,-4.248317056091821,4.248317056091821
128011602,478.59,474.35817745310254,4.231822546897433,4.231822546897433
315031409,177.22,181.2318873667075,-4.011887366707498,4.011887366707498
604021085,250.56,254.56224522847518,-4.002245228475175,4.002245228475175
602031100,220.57,216.57404750952753,3.9959524904724617,3.9959524904724617
201031017,210.5,214.3165635519113,-3.816563551911287,3.816563551911287
110041201,229.39,233.18594296055812,-3.7959429605581363,3.7959429605581363
604011079,255.95,252.22431868705365,3.7256813129463353,3.7256813129463353
401051017,366.53,362.9714353409553,3.5585646590446913,3.5585646590446913
209041532,397.72,394.3341164417991,3.3858835582009306,3.3858835582009306
125011584,437.17,433.7863593638767,3.383640636123289,3.383640636123289
304031095,386.82,390.2011089814815,-3.381108981481532,3.381108981481532
206041506,388.74,385.41399909914156,3.326000900858446,3.326000900858446
602031059,220.38,223.67468602684366,-3.2946860268436637,3.2946860268436637
506011112,294.45,297.42533664816665,-2.9753366481666603,2.9753366481666603
211031263,371.09,373.90583048340545,-2.8158304834054775,2.8158304834054775
125031713,486.04,483.22483545019816,2.815164549801864,2.815164549801864
305041133,399.63,402.40083202158985,-2.770832021589854,2.770832021589854
203031052,393.38,390.6107278303179,2.7692721696820968,2.7692721696820968
407021174,219.2,221.9046761060238,-2.704676106023811,2.704676106023811
124051581,365.3,367.97377720057716,-2.673777200577149,2.673777200577149
209021523,365.78,368.41416849160123,-2.634168491601258,2.634168491601258
211031451,401.41,403.78990252229266,-2.379902522292639,2.379902522292639
505031101,367.54,369.81456951058254,-2.2745695105825234,2.2745695105825234
308031216,266.84,269.0954013660415,-2.2554013660414967,2.2554013660414967
105031101,321.32,323.5068781269657,-2.1868781269657234,2.1868781269657234
509021245,247.58,245.5053904817866,2.074609518213407,2.074609518213407
407031170,201.02,199.0380518616569,1.981948138343114,1.981948138343114
124031708,522.78,520.81632229317,1.9636777068300262,1.9636777068300262
505011079,458.25,456.3003996086321,1.9496003913678805,1.9496003913678805
121021403,515.42,513.8539967007994,1.5660032992005881,1.5660032992005881
108041162,367.78,366.3701569817219,1.4098430182780817,1.4098430182780817
314021578,411.18,412.570628889259,-1.3906288892590055,1.3906288892590055
318011460,231.04,229.7743521993747,1.2656478006252883,1.2656478006252883
504031298,396.33,397.5559687842712,-1.225968784271231,1.225968784271231
115011554,449.0,447.7875167373369,1.2124832626631132,1.2124832626631132
110021190,221.56,220.388901415159,1.1710985848409905,1.1710985848409905
215011390,178.9,177.8192524099976,1.080747590002403,1.080747590002403
124011450,444.13,445.1663051082253,-1.0363051082252923,1.0363051082252923
307011175,203.0,203.8925510227735,-0.892551022773489,0.892551022773489
112031251,357.46,358.20427454008956,-0.7442745400895774,0.7442745400895774
125041491,422.79,423.5278208321307,-0.7378208321306943,0.7378208321306943
204011056,329.16,328.4680283597883,0.6919716402117047,0.6919716402117047
312021342,355.25,355.87701558173296,-0.6270155817329623,0.6270155817329623
115011556,548.19,547.6831477793879,0.5068522206121315,0.5068522206121315
103021067,260.96,261.3417343908867,-0.3817343908867201,0.3817343908867201
603011066,241.96,241.6907647787399,0.2692352212601179,0.2692352212601179
405031123,203.47,203.5084841931217,-0.038484193121689714,0.038484193121689714
