sa2_code,rented_dwellings,Rent_ns_Tot,Tot_Tot,estimated_median_weekly_rent
101021007,231,14,253,344.98
101021008,854,37,878,351.08
101021009,2075,45,2119,335.81
101021010,967,27,983,313.74
101021012,946,36,988,440.97
101021610,391,7,396,544.05
101021611,499,24,528,468.19
101031013,165,13,179,207.76
101031014,731,59,800,288.92
101031015,93,19,118,285.36
101031016,694,40,806,360.56
101041017,998,42,1040,337.5
101041018,908,37,947,363.43
101041019,897,29,931,317.65
101041020,360,35,400,268.06
101041021,271,8,293,368.05
101041022,0,0,0,
101041023,385,23,410,267.62
101041024,157,11,166,279.44
101041025,1020,29,1050,346.36
101041026,617,34,673,321.55
101041027,803,32,847,294.6
101051539,3057,115,3176,319.84
101051540,574,59,637,295.18
101061541,565,25,593,341.55
101061542,367,43,412,388.02
101061543,1146,55,1209,253.52
101061544,442,48,500,226.02
102011028,451,11,478,512.79
102011029,473,16,497,456.44
102011030,297,32,338,364.47
102011031,917,35,961,418.8
102011032,4272,105,4396,391.29
102011033,444,12,469,456.19
102011034,509,31,530,408.21
102011035,498,18,502,418.45
102011036,475,9,491,418.06
102011037,589,17,602,409.97
102011038,381,10,400,461.38
102011039,1158,31,1237,524.99
102011040,3323,101,3425,405.85
102011041,540,18,582,498.4
102011042,2071,74,2152,385.78
102011043,1006,40,1057,395.64
102021044,1973,83,2067,400.41
102021045,1209,38,1240,406.7
102021046,911,35,942,369.25
102021047,968,31,1010,421.39
102021048,2686,90,2783,371.2
102021049,88,9,92,472.0
102021050,775,21,793,381.94
102021051,341,12,348,403.54
102021052,471,17,488,399.74
102021053,2918,70,2990,375.16
102021054,1367,41,1413,351.28
102021055,520,10,541,432.91
102021056,1918,65,1977,488.91
102021057,1298,74,1370,366.2
103011059,998,34,1044,365.55
103011060,184,17,210,279.83
103011061,369,34,404,273.55
103011612,2160,70,2235,296.41
103011613,1309,49,1350,359.3
103021062,514,57,591,181.82
103021063,1053,48,1111,232.46
103021064,313,31,341,218.25
103021065,914,68,995,229.45
103021066,265,8,274,196.28
103021067,1194,39,1233,260.96
103021068,221,31,242,188.62
103021069,371,28,384,214.34
103031070,1473,54,1534,270.92
103031071,440,22,472,268.49
103031072,1530,60,1587,373.72
103031073,294,10,301,228.5
103031074,539,44,588,278.08
103031075,0,0,0,
103041076,582,28,598,264.11
103041077,2658,124,2783,298.76
103041078,2322,96,2415,381.03
103041079,526,36,564,262.95
104011080,2414,89,2508,298.2
104011081,650,51,701,302.46
104011082,1655,58,1722,365.96
104021083,455,21,478,374.34
104021084,2486,97,2581,367.3
104021085,1708,69,1782,370.18
104021086,203,5,219,373.01
104021087,226,17,247,279.51
104021088,699,16,731,470.29
104021089,1985,82,2070,376.46
104021090,448,24,476,350.67
104021091,1298,39,1332,390.47
105011092,413,42,466,168.32
105011093,439,23,469,193.75
105011094,362,21,398,192.06
105011095,420,29,453,206.72
105011096,471,68,555,180.42
105021097,1661,77,1742,217.5
105021098,204,30,241,159.46
105031099,538,43,582,201.66
105031100,1297,42,1327,296.02
105031101,2632,90,2731,321.32
105031102,1039,49,1105,323.36
105031103,159,16,178,283.09
105031104,355,27,382,206.76
105031105,490,38,534,232.57
105031106,710,57,763,229.33
106011107,899,36,942,400.41
106011108,2710,85,2797,323.58
106011109,281,20,309,371.63
106011110,514,37,536,312.63
106011111,2093,72,2160,348.42
106011112,1680,59,1732,336.56
106011113,272,27,303,373.86
106021114,1055,27,1097,386.27
106021116,374,18,387,416.63
106021614,2230,82,2321,358.09
106021615,1759,58,1826,397.07
106021616,974,35,1006,331.78
106021617,1108,50,1156,365.8
106021618,1506,55,1568,425.27
106031119,384,13,412,399.11
106031120,693,18,715,372.95
106031121,2237,86,2321,391.02
106031122,2073,69,2145,326.09
106031123,103,19,119,375.74
106031124,377,13,405,350.33
106031125,1007,43,1061,404.54
106041126,1673,56,1728,314.78
106041127,289,32,325,281.77
106041128,677,26,701,290.45
106041129,547,74,627,253.38
107011131,2086,87,2163,388.19
107011132,620,23,641,513.2
107011133,0,0,0,
107011134,1207,42,1259,359.6
107011545,1648,76,1719,353.02
107011546,1452,62,1528,307.03
107011547,425,21,448,346.8
107021135,0,0,0,
107031136,1123,37,1164,487.24
107031137,650,25,679,389.7
107031138,737,18,764,488.02
107031139,275,5,281,502.45
107031140,450,23,481,499.09
107031141,1511,56,1570,518.28
107031142,1015,27,1044,423.68
107031143,2792,117,2913,348.24
107041144,2470,75,2559,388.77
107041145,2410,95,2515,335.7
107041146,1818,39,1890,416.0
107041147,430,17,453,534.2
107041148,710,20,781,537.2
107041150,1686,59,1763,390.92
107041548,4103,96,4221,422.83
107041549,2946,83,3037,391.74
108011151,278,17,297,302.87
108011152,1600,53,1669,345.69
108011153,360,11,374,359.19
108011154,776,26,823,319.46
108021155,1508,70,1577,285.44
108021156,568,21,600,301.17
108021157,438,26,461,328.28
108021158,991,40,1029,288.91
108021159,398,25,411,295.76
108021160,532,16,555,334.37
108031161,46,3,60,274.0
108041162,1285,44,1347,367.78
108041164,2824,99,2935,390.48
108041165,242,14,252,301.31
108041166,1022,28,1065,368.7
108041619,1925,54,1996,366.39
108041620,1414,43,1451,419.17
108051167,445,23,467,272.99
108051168,915,25,948,369.89
108051169,2647,124,2772,294.17
108051170,641,32,674,316.68
108051171,460,19,473,306.42
109011172,1769,74,1851,327.5
109011173,1410,44,1452,264.5
109011174,1658,53,1703,253.47
109011175,564,37,617,225.84
109011176,2367,97,2469,252.44
109021177,285,15,299,181.72
109021178,437,22,466,207.87
109021179,228,29,259,201.02
109031180,556,15,574,224.0
109031181,446,32,481,261.14
109031182,726,29,755,228.1
109031183,351,67,420,179.86
109031184,481,19,513,326.61
109031185,691,36,739,212.0
110011186,3234,80,3312,294.86
110011187,301,45,364,245.15
110011188,366,22,387,253.52
110011189,189,31,239,206.0
110021190,842,37,889,221.56
110021191,1444,53,1499,272.5
110021192,264,27,292,203.27
110021193,332,30,357,215.14
110021194,468,42,523,238.04
110031195,986,42,1034,229.29
110031196,292,94,389,178.72
110031197,802,34,838,265.91
110031198,330,39,369,206.86
110041199,1103,41,1150,303.97
110041200,278,39,317,279.81
110041201,632,49,691,229.39
110041202,2755,105,2865,301.4
110041203,2371,72,2449,318.93
110041204,862,37,898,300.81
110041205,1022,77,1114,276.6
111011206,1487,57,1543,368.78
111011207,695,18,727,328.05
111011208,2401,90,2499,394.62
111011209,2055,67,2131,392.12
111011210,1473,89,1557,261.87
111011211,173,6,185,409.12
111011212,1023,30,1057,369.27
111011213,468,12,483,496.55
111011214,1316,37,1346,417.4
111021215,944,42,981,333.92
111021216,875,30,908,407.32
111021217,1305,45,1344,452.8
111021218,1421,54,1471,385.43
111021219,1321,59,1381,339.16
111021220,574,21,599,378.71
111021221,363,13,384,402.64
111031222,1634,45,1682,422.25
111031223,929,31,968,338.49
111031224,2065,79,2157,384.92
111031225,2015,55,2073,390.76
111031226,1270,47,1324,470.4
111031227,2434,70,2501,383.61
111031228,1710,43,1797,425.75
111031229,3154,69,3273,446.22
111031230,0,0,0,
111031231,2068,83,2174,371.12
111031232,830,36,879,437.09
111031233,2494,99,2595,383.04
111031234,1920,64,1993,380.82
111031235,1661,38,1694,456.95
112011236,2549,92,2656,395.27
112011237,1409,51,1467,421.41
112011238,446,24,553,525.0
112011239,993,28,1048,497.76
112011240,1187,75,1454,584.9
112011241,626,14,641,324.0
112011242,710,20,740,583.38
112011243,779,39,834,443.74
112021244,1326,45,1373,285.37
112021245,346,20,367,256.99
112021246,1457,58,1524,327.1
112021247,561,33,597,271.08
112021248,2258,68,2326,299.76
112021249,774,31,805,344.03
112031250,1310,40,1422,474.44
112031251,1043,37,1079,357.46
112031252,517,21,541,352.67
112031253,1150,50,1213,476.52
112031254,2381,77,2466,399.38
112031550,1161,43,1209,441.76
112031551,96,4,109,525.9
112031552,1028,37,1070,390.11
113011256,2500,104,2606,297.36
113011257,836,117,946,223.26
113011258,1012,39,1048,243.81
113011259,503,25,527,211.27
113021260,245,23,274,211.71
113021261,800,41,831,244.71
113021262,236,23,269,209.6
113031263,668,28,707,219.1
113031264,243,22,274,225.42
113031265,505,21,521,247.21
113031266,540,34,581,222.03
113031267,1564,58,1639,301.79
113031268,512,10,534,390.44
113031269,2670,85,2758,298.57
113031270,2354,83,2460,270.34
113031271,1051,72,1130,279.15
114011272,494,31,527,408.34
114011273,274,9,293,393.56
114011274,455,32,492,337.17
114011275,0,0,0,
114011276,532,11,530,409.94
114011277,1660,59,1727,347.77
114011278,2913,126,3040,332.39
114011279,1387,38,1428,370.33
114011280,342,9,357,317.19
114011281,107,10,114,352.36
114011282,1508,44,1555,365.17
114011283,245,16,265,331.56
114021284,874,25,942,487.59
114021285,271,18,298,425.67
114021286,1002,32,1049,443.64
114021287,991,52,1043,404.16
114021288,181,13,199,428.55
114021289,299,30,352,391.36
115011290,2035,44,2086,520.83
115011291,1113,38,1205,610.39
115011294,106,0,134,631.0
115011296,329,18,443,638.11
115011553,784,25,813,562.53
115011554,244,5,266,449.0
115011555,650,20,719,600.69
115011556,980,24,1022,548.19
115011557,186,8,224,685.81
115011558,805,24,881,695.39
115011621,809,29,861,645.11
115011622,872,24,946,603.59
115021297,759,50,884,533.35
115021298,200,14,220,468.0
115031299,63,4,84,326.8
115031300,786,58,857,441.42
115041301,520,33,550,497.73
115041623,587,17,599,599.1
115041624,1357,27,1407,597.42
115041625,1039,34,1089,610.02
116011303,2834,75,2911,392.85
116011304,2597,102,2704,400.7
116011306,2391,91,2484,377.93
116011307,2525,124,2641,384.92
116011560,1428,47,1470,399.43
116011561,1917,55,1976,417.44
116011626,1439,53,1491,424.78
116011627,1339,46,1384,410.82
116021309,845,25,877,595.74
116021562,220,10,227,539.1
116021563,2214,68,2290,468.5
116021628,1291,32,1339,602.68
116021629,816,19,848,580.5
116021630,1445,33,1476,485.31
116021631,641,19,657,585.49
116021632,2878,45,2932,555.79
116021633,702,24,742,583.58
116031313,2714,133,2844,293.92
116031314,692,33,718,411.98
116031315,1575,47,1623,422.38
116031316,3006,135,3138,314.32
116031317,3378,118,3493,347.39
116031318,0,4,0,
116031319,1831,68,1911,424.28
117011320,113,0,121,604.21
117011321,1657,50,1770,544.36
117011323,2752,93,2911,497.37
117011324,0,0,0,
117011325,0,0,0,
117011634,1457,50,1542,388.07
117011635,4349,146,4597,603.18
117021327,3607,94,3988,464.44
117021328,1009,32,1153,620.29
117021636,1950,67,2127,535.1
117021637,2670,83,2831,447.88
117031329,2878,68,3332,515.54
117031330,4370,91,4745,587.14
117031331,5323,155,5864,497.27
117031333,5830,132,6457,471.79
117031336,4487,120,5088,528.25
117031638,1457,33,1672,578.97
117031639,2662,80,2844,522.96
117031640,3377,70,3764,523.05
117031641,2946,102,3443,562.21
117031642,3501,114,3839,478.03
117031643,2624,62,2838,590.51
117031644,1942,71,2534,584.21
117031645,4941,225,5642,612.87
117031646,1860,69,1994,501.33
117031647,5551,197,5846,534.61
117031648,4015,101,4267,602.59
118011339,3065,114,3819,639.47
118011340,3851,134,4856,639.33
118011341,2718,92,3367,619.22
118011342,0,0,0,
118011344,1098,62,1408,609.62
118011345,2243,59,3034,497.98
118011346,712,36,1101,621.81
118011347,771,23,1059,607.84
118011649,1537,65,1994,615.88
118011650,1413,62,1995,644.42
118021564,2202,57,2383,505.99
118021565,2385,75,2597,476.01
118021566,973,32,1150,579.78
118021567,2110,97,2348,463.45
118021568,1436,57,1598,548.27
118021569,3059,76,3331,572.28
118021570,2319,58,2614,565.13
118021651,3456,90,4058,636.06
118021652,1040,61,1292,425.71
118021653,1302,71,1547,418.84
118021654,788,52,953,180.92
119011354,2088,115,2216,389.19
119011355,164,0,176,522.15
119011356,926,42,959,503.16
119011358,1612,87,1694,477.44
119011360,1853,76,1933,467.32
119011361,2255,152,2401,412.77
119011571,2742,82,2841,404.76
119011572,2615,106,2739,417.63
119011655,1319,80,1402,389.75
119011656,997,51,1062,466.72
119011657,869,39,918,485.61
119011658,1209,60,1273,476.52
119021362,2582,114,2715,408.4
119021366,2253,104,2370,394.97
119021367,1303,60,1369,437.69
119021573,2775,98,2875,363.2
119021574,1632,54,1690,353.06
119021659,1864,84,1966,410.75
119021660,1812,56,1864,393.81
119021661,1827,67,1911,461.49
119021662,1166,56,1254,565.17
119021663,469,25,488,464.56
119031370,1669,69,1765,403.08
119031371,816,28,884,497.81
119031372,1322,65,1400,453.9
119031373,2316,120,2445,304.4
119031374,2290,103,2454,490.63
119031664,2416,73,2497,470.94
119031665,1058,63,1144,485.29
119031666,1530,39,1603,429.56
119031667,1478,39,1530,405.93
119041377,1121,48,1192,499.89
119041378,2190,61,2257,474.82
119041379,2063,52,2137,457.8
119041380,2023,58,2122,466.9
119041381,2899,108,3039,470.53
119041382,1795,54,1918,499.19
119041668,1994,74,2104,510.12
119041669,692,26,745,529.2
119041670,1873,60,1929,423.29
119041671,2806,70,2902,542.96
120011383,2213,98,2559,586.39
120011385,1986,59,2271,576.22
120011386,2807,94,3066,567.79
120011672,1481,45,1572,504.52
120011673,2812,93,2967,570.61
120021387,2058,66,2520,584.11
120021389,1861,41,2180,573.65
120021674,1352,31,1573,523.57
120021675,2447,48,2701,571.33
120031392,1591,42,1650,483.97
120031393,1885,75,1973,438.8
120031394,3387,67,3543,487.42
120031395,1747,47,1872,474.43
120031396,4238,154,4418,458.31
120031576,412,18,432,461.98
120031676,2491,59,2559,426.37
120031677,2087,55,2164,471.0
120031678,3512,131,3706,510.11
120031679,1120,30,1182,470.87
120031680,3058,125,3215,490.96
120031681,500,29,585,516.65
121011399,2827,73,3081,507.98
121011401,2659,63,2923,587.63
121011682,1701,49,1807,525.08
121011683,380,27,663,626.37
121011684,3285,140,3864,573.03
121011685,931,37,1192,547.6
121011686,2149,55,2363,535.54
121011687,1022,42,1307,544.22
121021403,1498,47,1568,515.42
121021404,463,13,487,567.06
121021406,1027,61,1128,552.72
121021577,2532,69,2606,442.28
121021578,997,44,1058,450.8
121021579,1746,46,1845,489.42
121031407,1792,66,2202,571.73
121031408,1536,68,2022,574.82
121031409,709,27,974,604.35
121031410,783,28,1117,630.85
121031411,792,32,1043,568.91
121031412,677,31,945,578.97
121041413,3145,70,3626,580.22
121041414,3796,65,4217,564.83
121041416,4008,119,4560,523.08
121041417,2989,104,3529,591.23
121041688,1403,50,1784,554.5
121041689,1628,47,2033,541.96
122011418,1014,41,1482,605.96
122011419,3178,122,4427,654.23
122021420,454,38,706,625.95
122021421,272,32,424,577.5
122021422,716,25,946,567.34
122021690,820,30,1042,623.07
122021691,539,20,686,677.65
122031424,946,62,1156,483.0
122031425,297,20,378,593.31
122031427,524,36,737,618.16
122031429,2553,81,3012,588.15
122031430,1371,48,1604,536.89
122031432,131,6,181,566.5
122031692,184,11,329,692.43
122031693,1076,30,1252,581.55
122031694,906,32,1060,557.92
122031695,3535,84,3731,561.69
122031696,461,25,739,719.46
122031697,1325,44,1466,576.87
123011433,721,41,757,415.78
123011698,616,11,628,470.01
123011699,1223,46,1267,454.56
123011700,433,19,446,560.82
123011701,1136,50,1194,483.06
123011702,789,19,810,500.7
123021436,2362,92,2458,368.12
123021437,3338,107,3457,392.97
123021438,1630,82,1707,381.72
123021439,0,0,0,
123021441,1709,73,1783,369.3
123021443,1988,107,2102,379.06
123021444,2010,78,2097,373.17
123021703,979,25,1012,554.71
123021704,1051,28,1093,430.29
123021705,1739,69,1804,395.76
123021706,1868,88,1960,338.13
123031445,287,18,313,429.55
123031446,389,22,417,495.56
123031447,1448,59,1506,408.0
123031448,289,12,319,407.57
124011449,496,23,522,387.01
124011450,940,42,989,444.13
124011451,0,0,0,
124011452,1664,60,1720,377.46
124011453,620,21,641,401.4
124011454,1080,29,1108,428.71
124011455,429,20,448,441.24
124021456,0,0,0,
124031457,1411,47,1464,400.42
124031459,889,38,931,438.1
124031460,1451,39,1495,474.57
124031461,2015,64,2091,405.03
124031462,3452,102,3573,372.47
124031463,624,30,671,523.76
124031464,4588,124,4718,379.48
124031465,222,13,237,433.07
124031707,1346,35,1406,405.63
124031708,1260,49,1311,522.78
124041466,1898,66,1985,396.5
124041467,2021,55,2066,387.64
124041468,337,21,369,482.34
124051469,376,14,384,453.05
124051470,1284,57,1342,445.15
124051580,1474,64,1529,390.3
124051581,3092,131,3223,365.3
125011475,0,0,4,
125011582,2447,128,2599,461.55
125011583,1937,94,2039,385.58
125011584,768,42,808,437.17
125011585,1039,53,1086,385.95
125011586,2707,134,2861,487.67
125011587,693,33,722,379.93
125011709,959,29,990,526.43
125011710,5397,130,5588,514.22
125021477,3310,105,3450,433.9
125021478,2229,96,2336,418.04
125021711,890,29,926,527.07
125021712,2070,64,2144,499.95
125031479,2074,129,2217,410.62
125031480,1892,126,2018,317.94
125031481,3153,139,3289,422.58
125031483,2669,168,2863,366.31
125031484,2716,110,2835,411.66
125031486,0,0,0,
125031487,3,0,4,499.5
125031713,959,55,1019,486.04
125031714,3623,163,3814,402.17
125031715,702,22,732,515.34
125031716,774,36,818,466.77
125041489,5202,122,5336,420.51
125041490,472,16,491,557.67
125041491,3882,79,3978,422.79
125041493,2257,99,2366,441.56
125041494,460,20,473,530.01
125041588,1765,62,1821,422.62
125041589,3974,122,4108,419.67
125041717,3580,90,3689,461.82
125041718,2326,88,2417,411.22
125041719,2278,64,2347,383.07
126011496,1286,42,1393,529.69
126011720,1785,48,1869,503.14
126011721,2440,68,2551,510.7
126021498,2043,62,2228,458.61
126021499,489,30,663,484.23
126021500,4774,134,4944,481.82
126021501,1697,73,1875,523.66
126021503,3601,101,3744,425.43
126021590,155,6,205,620.12
126021722,364,16,394,612.41
126021723,2396,99,2554,452.01
126021724,2880,115,3072,435.43
126021725,2397,55,2511,498.12
127011504,2699,153,2857,269.32
127011505,883,70,980,508.95
127011592,7,0,3,174.5
127011593,246,22,269,551.16
127011594,928,49,986,456.8
127011595,704,23,719,491.22
127011596,738,44,785,511.03
127011597,917,30,941,527.13
127011726,289,14,310,521.02
127011727,1123,43,1172,521.38
127011728,866,40,905,552.63
127011729,1763,61,1832,523.75
127021509,1565,67,1644,397.62
127021510,1407,64,1480,477.31
127021511,3131,147,3287,335.57
127021512,1744,85,1832,381.62
127021513,2433,93,2525,369.45
127021514,733,25,767,463.85
127021515,3310,93,3415,378.56
127021516,2298,81,2377,450.12
127021517,756,35,789,462.67
127021518,148,18,175,442.4
127021519,2135,93,2232,419.86
127021520,689,40,723,455.42
127021521,0,6,9,
127031522,1515,71,1588,455.87
127031523,1345,60,1400,500.47
127031524,1676,51,1726,475.69
127031599,1663,85,1753,355.3
127031601,1599,49,1632,330.81
127031730,1025,27,1066,558.15
127031731,4527,113,4642,379.52
127031732,2039,71,2106,370.21
127031733,711,31,746,527.42
128011529,1153,52,1251,535.92
128011530,2318,85,2484,498.69
128011531,922,35,1044,524.87
128011602,1933,46,2014,478.59
128011603,372,14,509,647.2
128011604,3377,82,3615,500.3
128011605,57,0,70,776.65
128011606,581,21,673,533.11
128021533,255,4,271,533.58
128021534,207,9,228,677.08
128021535,687,32,746,584.96
128021536,1022,35,1095,499.18
128021537,6,0,7,399.5
128021538,3328,85,3435,475.57
128021607,799,17,803,507.14
128021608,196,9,214,559.71
128021609,57,0,60,734.15
197979799,0,0,0,
199999499,0,0,0,
201011001,1592,33,1628,374.41
201011002,1630,59,1701,313.22
201011005,343,11,360,331.32
201011006,949,32,991,364.95
201011007,43,5,56,315.7
201011008,2130,74,2202,264.41
201011481,1445,49,1499,289.94
201011482,1453,46,1506,298.43
201011483,1707,39,1738,298.78
201011484,2345,80,2435,261.1
201021009,288,11,303,332.68
201021010,412,24,442,243.63
201021011,562,37,611,327.17
201021012,151,8,168,269.92
201031013,148,14,159,205.33
201031014,193,17,210,211.57
201031015,99,10,106,256.31
201031016,954,47,993,237.13
201031017,192,26,222,210.5
202011018,2627,99,2722,279.39
202011019,1475,57,1545,280.2
202011020,1799,57,1865,297.88
202011021,1383,26,1414,295.37
202011022,2551,78,2627,292.85
202011023,119,10,124,388.29
202011024,340,4,346,407.59
202011025,1228,34,1266,334.95
202021026,146,8,164,315.94
202021027,910,32,947,312.27
202021028,291,23,319,280.59
202021029,214,14,250,258.76
202021030,661,31,688,367.48
202021031,396,18,414,389.45
202031032,169,11,183,229.51
202031033,324,34,346,174.15
203011034,229,18,248,381.89
203011035,171,17,184,321.25
203011036,290,19,309,302.26
203021037,2125,59,2192,353.96
203021039,2258,78,2340,341.05
203021040,3007,62,3073,336.53
203021042,1599,54,1665,375.3
203021043,1384,43,1428,379.68
203021044,874,24,909,378.86
203021045,2009,92,2111,302.74
203021046,1132,35,1175,366.39
203021047,1785,72,1878,338.56
203021485,999,29,1036,411.69
203021486,2241,104,2352,285.27
203021487,2192,63,2261,387.3
203021488,1915,87,2009,252.0
203031048,1297,32,1336,376.39
203031049,391,19,407,391.17
203031051,831,25,862,343.42
203031052,305,12,311,393.38
203031053,1597,53,1674,504.58
203031489,991,28,1013,415.86
203031490,1206,33,1251,423.38
204011054,492,18,518,251.42
204011055,437,34,484,247.88
204011056,970,47,1034,329.16
204011057,589,40,632,314.64
204011058,315,33,338,288.32
204011059,819,42,865,243.51
204011060,309,27,332,266.14
204011061,0,0,3,
204011062,200,19,218,302.32
204021063,1122,62,1190,256.8
204021064,117,20,128,220.5
204021065,273,14,283,241.22
204021066,2160,100,2264,261.54
204021067,323,36,367,242.06
204031068,343,13,362,304.53
204031069,606,21,642,294.81
204031070,127,5,132,264.41
204031071,370,9,383,254.25
204031072,337,20,349,217.25
204031073,1768,83,1863,285.2
204031075,202,12,231,288.96
204031491,852,25,887,385.5
204031492,2505,93,2586,265.36
205011076,1421,58,1481,330.97
205011077,206,16,231,246.65
205011078,489,22,516,305.52
205011079,1706,71,1779,326.74
205021080,0,0,0,
205021081,1603,65,1666,277.85
205021082,255,19,277,242.86
205021083,0,0,0,
205021084,903,44,947,268.15
205021085,445,36,485,196.18
205021086,445,26,479,309.13
205031087,502,49,550,243.85
205031088,0,0,0,
205031089,459,38,517,279.4
205031090,723,35,769,265.98
205031091,1151,54,1215,336.73
205031092,3,0,8,124.5
205031093,2106,84,2206,300.63
205041094,710,26,743,229.04
205041095,2043,83,2126,215.45
205041096,1877,79,1967,216.05
205041098,128,4,147,240.85
205041493,1253,51,1308,252.74
205041494,1449,44,1494,300.07
205051099,0,0,0,
205051100,132,15,148,213.33
205051101,868,56,925,243.56
205051102,175,16,204,231.12
205051103,1928,64,1985,279.92
205051104,339,26,354,231.6
206011106,3107,51,3215,432.95
206011107,2979,67,3061,376.89
206011109,856,24,890,426.9
206011495,2487,69,2605,439.33
206011496,2853,77,2980,446.39
206011497,1833,77,1920,422.49
206011498,1387,49,1465,447.79
206021110,1314,35,1386,395.69
206021112,3165,86,3299,400.19
206021499,2075,79,2222,455.07
206021500,1588,40,1660,478.29
206031113,2175,75,2262,374.36
206031115,2372,75,2456,327.08
206031116,2518,86,2648,406.21
206031501,1708,48,1784,396.76
206031502,2055,83,2156,380.55
206041117,4821,167,5133,370.99
206041118,4809,126,5056,423.36
206041119,1122,33,1264,467.3
206041120,6,0,8,399.5
206041121,2230,69,2323,417.9
206041124,1273,33,1377,396.7
206041125,1474,34,1614,453.14
206041127,0,0,0,
206041503,3124,78,3276,379.37
206041504,6551,173,6784,378.06
206041505,5888,153,6125,382.74
206041506,4195,131,4386,388.74
206041507,0,0,0,
206041508,1921,53,2069,434.72
206041509,5626,119,5855,417.5
206041510,2206,48,2296,398.63
206051128,2739,109,3118,477.56
206051129,3441,77,3639,415.23
206051130,2726,112,3066,510.65
206051134,3646,109,3803,391.82
206051511,429,11,471,574.75
206051512,2796,126,3064,421.04
206051513,3813,92,3943,387.11
206051514,3760,108,3966,399.1
206061135,1776,36,1921,421.12
206061136,5003,130,5320,425.17
206061138,1476,50,1712,468.96
206061515,3891,75,4080,433.74
206061516,2761,84,2977,393.51
206071139,2352,53,2436,434.46
206071140,1520,39,1664,521.87
206071141,2738,89,2888,430.23
206071142,2472,78,2685,442.15
206071143,2467,85,2669,473.44
206071145,1457,38,1557,483.94
206071517,3638,83,3934,503.77
206071518,3799,119,4011,403.54
207011146,616,34,678,454.54
207011147,1387,59,1568,452.24
207011148,1227,55,1363,550.96
207011149,1730,49,1926,482.24
207011150,1092,34,1249,513.17
207011152,2523,63,2680,416.89
207011154,492,18,545,472.97
207011155,1023,41,1140,475.16
207011519,1604,35,1732,407.44
207011520,2430,36,2563,405.3
207011521,929,35,1058,498.45
207011522,1335,65,1540,443.09
207021156,812,43,857,464.58
207021157,2841,128,3010,457.15
207021159,716,44,801,517.82
207021160,830,46,882,486.85
207021424,857,40,909,499.71
207021425,1614,60,1687,467.73
207031161,1935,66,2013,423.36
207031162,905,61,962,405.8
207031163,4117,158,4304,398.77
207031164,1825,76,1933,441.64
207031165,1653,72,1744,410.11
207031166,942,51,1017,440.62
207031167,892,18,962,468.62
208011168,526,19,644,561.57
208011169,1585,96,2083,539.27
208011170,919,50,1168,564.18
208011171,1179,44,1260,445.03
208011172,1554,70,1776,458.25
208011173,1319,47,1510,468.67
208021174,2455,89,2669,492.92
208021176,3352,77,3460,396.07
208021177,3195,121,3446,426.3
208021178,1678,77,1873,476.7
208021179,1852,46,1957,431.63
208021180,974,31,1019,421.5
208021181,1273,28,1321,388.48
208021182,2111,57,2220,395.69
208021426,1381,47,1464,515.08
208021427,1130,24,1178,492.07
208031183,279,20,305,514.15
208031184,0,0,5,
208031185,946,54,1015,423.39
208031186,1897,50,1970,387.16
208031187,245,12,256,414.1
208031188,2551,112,2688,428.04
208031189,1020,34,1076,441.18
208031190,1728,57,1816,394.77
208031191,905,35,954,437.37
208031192,0,0,0,
208031193,1988,72,2086,408.55
208041194,2388,88,2649,412.79
208041195,2367,86,2540,422.29
209011196,758,32,794,392.13
209011197,1316,50,1385,403.45
209011198,1893,59,1958,409.19
209011199,2636,168,2818,362.99
209011200,1461,27,1505,440.12
209011201,507,17,546,453.33
209011202,1032,40,1092,418.65
209011203,1331,42,1383,400.94
209011204,747,36,799,391.47
209021205,1230,42,1285,379.47
209021428,3578,128,3733,395.25
209021429,1569,65,1648,406.74
209021523,2249,82,2353,365.78
209021524,665,37,706,378.31
209021525,2013,87,2117,347.51
209021526,2222,70,2290,373.58
209031209,830,28,856,447.07
209031210,117,3,128,404.8
209031211,74,4,74,303.46
209031212,99,7,109,285.09
209031213,174,16,194,485.84
209031214,127,8,137,427.55
209031215,411,22,440,432.0
209041216,653,54,714,403.45
209041217,640,35,690,387.56
209041220,1297,52,1352,382.11
209041221,880,51,936,379.11
209041223,1970,99,2087,354.1
209041224,1292,32,1324,377.68
209041225,526,30,558,368.61
209041431,980,41,1033,371.44
209041432,914,45,977,352.82
209041433,1098,40,1134,389.42
209041435,709,15,734,404.2
209041436,872,38,914,387.59
209041437,1622,59,1706,394.99
209041527,1007,38,1052,404.12
209041528,780,22,804,393.49
209041529,1118,58,1181,352.64
209041530,949,50,1001,375.29
209041531,1014,33,1063,386.88
209041532,957,25,992,397.72
210011226,925,36,962,415.58
210011227,0,0,0,
210011228,326,31,375,400.9
210011230,628,25,660,435.9
210011231,543,18,578,447.55
210011533,842,40,887,402.31
210011534,980,32,1018,416.53
210021232,632,30,664,430.71
210021233,101,7,101,361.42
210021234,171,7,172,404.6
210021235,359,24,389,373.05
210031236,926,36,958,404.29
210031237,1347,54,1410,384.41
210031439,149,0,160,430.11
210031440,585,30,619,381.01
210031535,1864,85,1977,375.74
210031536,1183,48,1241,378.09
210031537,951,30,985,406.04
210031538,2266,80,2351,401.75
210041240,601,32,638,386.22
210041539,385,12,402,397.11
210041540,1421,38,1461,365.06
210041541,777,24,816,382.96
210051242,1962,115,2094,321.94
210051243,1354,88,1444,323.9
210051245,1240,57,1312,377.03
210051246,754,40,803,422.3
210051247,1212,83,1300,337.76
210051248,0,0,0,
210051250,883,27,922,360.29
210051441,659,36,703,362.52
210051442,912,33,956,381.19
210051443,1497,77,1592,386.63
210051445,1448,58,1501,401.6
210051542,812,25,851,397.47
210051543,1214,45,1258,393.64
210051544,582,27,608,388.03
210051545,760,35,808,398.72
211011251,1573,75,1664,383.36
211011254,1282,34,1336,428.71
211011255,150,3,151,428.06
211011256,979,27,1017,429.87
211011257,313,10,331,454.22
211011258,369,12,383,479.28
211011259,934,38,974,427.72
211011260,1252,45,1316,432.87
211011446,2520,91,2618,382.09
211011447,1237,43,1289,375.5
211011448,934,32,988,404.2
211011449,139,14,146,369.34
211021261,629,32,689,450.93
211021262,167,19,212,472.14
211031263,843,45,883,371.09
211031265,790,28,814,433.47
211031266,2782,90,2881,390.36
211031267,1868,67,1949,394.68
211031268,382,18,403,439.72
211031450,1885,71,1976,381.16
211031451,1107,48,1162,401.41
211031452,323,16,345,407.26
211041269,982,62,1049,400.4
211041270,1719,54,1774,410.19
211041271,1267,50,1312,394.81
211041272,687,30,706,434.19
211041273,533,32,565,504.18
211051274,234,17,253,401.0
211051275,564,33,605,443.38
211051276,691,36,740,353.14
211051277,727,24,762,394.48
211051278,1259,70,1341,376.16
211051279,222,12,247,373.67
211051280,181,11,197,374.1
211051281,1593,51,1642,397.89
211051282,270,7,289,390.33
211051283,286,15,308,372.35
211051284,371,12,380,374.54
211051285,252,15,263,366.67
211051286,678,52,738,320.28
212011289,441,17,449,386.73
212011546,1925,50,1986,398.96
212011547,342,36,388,328.89
212011548,480,36,520,326.85
212011549,1554,54,1608,347.59
212011550,688,29,714,385.32
212011551,972,37,1023,330.26
212011552,2330,88,2425,379.35
212021293,1473,56,1533,392.04
212021295,1587,74,1679,314.01
212021297,879,40,918,370.3
212021299,78,7,94,466.5
212021453,660,37,719,375.59
212021454,727,40,777,390.4
212021455,854,61,917,379.57
212021456,1616,69,1695,369.46
212021553,1091,41,1142,431.98
212021554,1064,32,1100,406.57
212031300,2314,107,2435,342.3
212031303,793,51,862,414.34
212031304,1365,53,1423,388.6
212031306,936,47,997,414.2
212031308,265,16,295,375.23
212031457,391,19,417,428.86
212031458,908,40,959,398.13
212031555,625,15,638,416.43
212031556,778,29,821,411.18
212031557,1687,49,1741,402.27
212031558,928,35,972,400.85
212031559,938,31,980,403.47
212031560,854,42,901,366.21
212031561,984,43,1030,368.78
212031562,1198,45,1244,353.38
212041309,781,33,829,403.35
212041310,1797,86,1886,394.22
212041312,1977,107,2101,340.03
212041313,362,19,397,448.16
212041316,646,34,686,363.26
212041317,2651,149,2834,361.66
212041318,958,48,1022,361.65
212041459,2030,103,2149,326.44
212041460,2206,95,2310,343.48
212041563,3813,147,3991,311.97
212041564,1210,58,1264,341.08
212041565,948,45,996,388.94
212041566,658,37,714,521.97
212051319,2565,122,2712,421.05
212051321,1496,70,1631,499.23
212051322,2160,84,2279,475.46
212051323,1305,49,1380,494.87
212051324,1591,52,1646,478.62
212051325,1450,75,1530,438.18
212051326,2702,96,2818,421.76
212051327,884,57,963,489.54
212051567,1804,67,1897,388.54
212051568,2241,81,2338,411.41
213011328,1104,55,1177,314.56
213011329,385,33,420,405.69
213011331,574,36,613,352.57
213011332,775,43,820,371.53
213011333,952,53,1006,318.09
213011334,2422,148,2598,324.63
213011335,1764,100,1881,320.41
213011336,1299,54,1361,337.04
213011337,1055,72,1139,341.28
213011338,1622,91,1729,344.99
213011339,1132,53,1182,377.45
213011340,536,31,559,412.69
213011569,1627,89,1717,352.14
213011570,477,24,504,401.19
213021341,1593,61,1662,401.07
213021342,1798,98,1895,342.48
213021343,1680,89,1778,401.77
213021344,2014,61,2101,465.08
213021345,299,14,326,375.61
213021346,1451,62,1561,436.93
213031347,2955,162,3131,351.42
213031348,3984,113,4123,363.18
213031349,1857,47,1913,399.89
213031350,1386,31,1420,415.42
213031351,1776,47,1859,359.09
213031352,1919,44,1991,470.52
213041353,1746,92,1837,336.69
213041358,1646,72,1720,339.75
213041359,1039,38,1097,397.63
213041360,660,34,707,416.25
213041461,153,12,173,407.94
213041462,290,10,309,412.19
213041463,1299,52,1361,408.64
213041571,776,28,805,356.46
213041572,614,19,635,385.39
213041573,82,5,89,403.69
213041574,496,23,520,425.54
213041575,631,34,689,393.12
213041576,830,29,869,320.15
213041577,976,36,1036,303.79
213041578,1963,57,2028,322.0
213051361,1309,58,1385,340.42
213051362,1847,74,1924,335.23
213051363,1652,63,1729,380.38
213051368,1982,83,2086,359.24
213051464,1900,64,1998,417.82
213051466,1702,53,1773,414.68
213051467,2366,82,2457,312.06
213051468,2180,68,2265,367.48
213051579,811,25,829,376.24
213051580,1087,38,1132,401.09
213051581,894,12,908,405.77
213051582,776,30,809,398.11
213051583,2220,84,2320,390.12
213051584,564,21,600,399.61
213051585,831,26,881,381.2
213051586,682,21,712,404.05
213051587,805,27,845,403.69
213051588,1579,61,1659,389.82
213051589,1083,28,1109,356.61
213051590,1044,28,1083,333.81
214011370,2170,77,2267,378.7
214011371,3963,146,4124,334.82
214011372,2668,100,2789,339.84
214011373,1013,52,1087,421.99
214011374,1464,60,1530,377.34
214011375,2274,90,2368,360.92
214011376,687,19,709,458.8
214021377,1227,37,1276,413.84
214021378,202,33,246,422.95
214021379,1901,89,2014,328.73
214021381,441,26,526,506.07
214021382,782,37,848,498.76
214021383,1414,47,1483,385.78
214021384,2293,81,2389,356.32
214021385,971,67,1050,381.56
214021591,979,42,1023,399.18
214021592,1143,37,1202,413.54
215011386,799,23,847,249.61
215011387,109,20,128,164.29
215011388,1816,93,1922,245.03
215011389,101,12,118,186.17
215011390,423,33,460,178.9
215011391,196,24,226,188.2
215011392,725,40,756,213.53
215011393,149,22,166,143.87
215011394,403,36,439,169.56
215021395,385,21,415,260.35
215021396,265,14,283,220.33
215021398,236,36,275,155.55
215021399,478,14,495,236.23
215021469,2850,115,2967,264.85
215021470,1835,70,1915,298.58
215031400,355,32,388,166.06
215031401,380,28,414,186.22
215031402,354,27,375,207.81
215031403,385,39,434,220.0
215031404,1301,65,1381,236.65
215031405,338,56,399,190.09
216011406,1611,70,1683,286.29
216011407,875,60,937,216.18
216011408,148,27,185,204.8
216011409,262,15,285,215.67
216011410,213,18,224,201.33
216021411,667,39,719,241.72
216021412,102,7,114,219.5
216021413,772,57,836,214.7
216021414,766,28,804,288.9
216031415,973,38,1010,244.95
216031416,2399,96,2505,270.95
216031418,147,9,154,237.62
216031419,661,33,702,235.44
216031593,329,18,344,389.4
216031594,2077,95,2181,268.8
217011420,408,33,442,187.26
217011421,1000,26,1019,233.02
217011422,1086,44,1139,241.73
217011423,289,43,339,179.31
217031471,289,9,294,237.39
217031472,1244,59,1323,264.34
217031473,221,31,258,253.07
217031474,344,38,379,213.06
217031475,402,48,457,229.5
217031476,281,12,313,289.23
217041477,356,44,403,212.69
217041478,551,39,579,280.58
217041479,2232,86,2332,301.64
217041480,1543,64,1609,288.56
297979799,0,0,0,
299999499,0,0,0,
301011001,1219,63,1279,395.87
301011002,300,15,339,460.15
301011003,959,38,1012,437.58
301011004,1710,49,1772,383.1
301011005,459,13,465,385.72
301011006,835,25,867,454.36
301021007,1864,63,1939,399.74
301021008,473,13,483,458.43
301021009,1323,40,1360,475.86
301021011,276,9,278,481.57
301021012,1610,39,1660,467.99
301021013,1125,33,1155,448.86
301021550,190,21,222,323.89
301021551,920,22,944,259.62
301031014,0,0,4,
301031015,744,25,780,407.4
301031016,939,26,975,437.75
301031017,599,14,619,460.25
301031018,822,23,848,420.42
301031019,618,15,628,520.06
301031020,1877,77,1962,395.66
301031021,1806,59,1875,409.78
302011022,646,19,678,402.63
302011023,495,19,520,518.99
302011024,1035,27,1066,440.69
302011025,1591,40,1628,422.9
302011026,627,9,639,467.1
302021027,1182,33,1213,420.56
302021028,3281,103,3375,373.86
302021029,598,20,596,462.65
302021030,396,25,419,419.06
302021031,2378,51,2458,380.6
302021032,1352,30,1398,362.77
302021033,739,24,752,413.6
302021034,938,31,990,428.83
302031035,936,30,963,407.36
302031036,0,0,0,
302031037,610,8,615,462.84
302031038,944,33,980,380.44
302031039,1087,32,1122,462.27
302031040,3421,72,3493,375.46
302041041,1378,58,1443,420.32
302041042,721,15,726,403.68
302041043,422,20,446,362.21
302041044,737,27,758,294.04
302041045,1889,46,1934,391.16
302041046,1974,76,2053,357.55
303011047,1139,21,1228,462.03
303011048,1014,13,1047,451.73
303011049,1514,35,1549,439.06
303011050,1126,27,1150,405.62
303011051,787,30,836,538.72
303021052,2667,74,2758,365.58
303021053,3256,58,3362,399.46
303021054,1007,16,1021,402.58
303021055,2497,56,2567,385.16
303021056,1049,31,1088,381.78
303021057,815,17,840,391.34
303021058,2272,71,2360,445.17
303021059,1509,48,1577,388.48
303031060,1692,56,1749,415.61
303031061,619,33,675,434.26
303031062,782,21,807,430.96
303031063,2257,61,2332,388.85
303031064,575,29,613,595.92
303031065,1770,52,1825,411.52
303031066,940,30,962,443.19
303041067,964,50,1014,374.39
303041068,1764,48,1827,366.3
303041069,535,29,561,413.28
303041070,756,19,775,379.14
303041071,711,18,743,454.48
303051072,880,40,936,400.59
303051073,2049,83,2153,421.85
303051074,786,29,818,469.66
303051075,961,32,992,460.52
303051076,1573,90,1670,336.73
303061077,609,24,637,426.25
303061078,1711,63,1783,405.87
303061079,1087,48,1138,400.08
303061080,1655,70,1737,413.44
304011081,389,9,410,479.79
304011082,473,13,486,433.17
304011083,368,7,376,416.0
304011084,549,18,565,474.43
304011085,143,8,160,536.62
304021086,484,15,511,461.36
304021087,204,13,228,502.25
304021088,452,18,499,557.07
304021089,144,4,178,588.5
304021090,519,26,551,523.21
304021091,88,0,109,517.32
304031092,425,13,486,492.59
304031093,545,10,573,387.73
304031094,2183,41,2271,440.31
304031095,902,19,940,386.82
304031096,1987,42,2090,422.39
304031097,1832,24,1872,399.7
304041098,1713,54,1776,362.85
304041099,0,0,5,
304041100,912,31,951,391.56
304041101,1201,51,1242,387.5
304041102,0,0,0,
304041103,854,21,881,498.77
304041104,918,25,940,419.44
305011105,3617,106,3802,468.97
305011106,3942,70,4027,412.07
305011107,1203,35,1263,382.21
305011108,2798,57,2924,453.51
305011109,2912,52,3115,409.4
305011110,3960,68,4071,477.68
305011111,1919,48,1979,416.89
305011112,3652,60,3804,455.82
305021113,545,25,600,454.63
305021114,930,36,1052,489.33
305021115,1380,41,1444,407.94
305021116,616,16,700,426.95
305021117,2411,69,2517,431.71
305021118,817,15,851,451.73
305031119,1114,26,1146,427.46
305031120,1020,29,1051,399.5
305031121,958,27,1024,388.27
305031122,1964,35,2024,359.62
305031123,369,14,400,450.55
305031124,1405,57,1532,420.15
305031125,369,9,407,542.64
305031126,2416,42,2492,413.13
305031127,841,22,864,389.46
305031128,6293,72,6477,453.98
305031129,452,12,483,405.64
305031130,1786,40,1838,404.15
305031131,2372,41,2420,379.96
305041132,1207,32,1271,440.45
305041133,1072,13,1119,399.63
305041134,689,16,742,481.55
305041135,2393,47,2535,450.46
305041136,1017,23,1077,429.15
305041137,2798,51,2893,426.02
306011138,364,8,381,455.02
306011139,1238,33,1287,407.88
306011140,404,9,414,354.75
306011141,903,51,954,429.45
306011142,1881,57,1943,428.19
306011143,1015,29,1052,322.62
306021144,861,30,889,383.44
306021145,2477,83,2568,334.7
306021146,793,45,848,344.23
306021147,1135,35,1169,353.63
306021148,651,41,686,333.06
306021149,970,37,1007,348.66
306021150,0,0,0,
306021151,1399,40,1434,272.3
306021152,1145,50,1195,256.51
306021153,782,17,801,395.53
306021154,1476,53,1520,284.04
306021155,571,22,602,345.4
306021156,1063,27,1095,333.99
306021157,936,23,961,282.63
306031158,319,19,332,238.34
306031159,1413,48,1461,247.01
306031160,536,37,565,258.01
306031161,1176,56,1225,266.81
306031162,0,0,0,
306031163,373,5,382,152.72
306041164,642,30,674,266.08
306041165,695,28,729,358.6
306051166,1293,39,1333,282.44
306051167,371,35,407,226.73
306051168,340,11,342,272.98
306051169,649,41,679,263.5
306051170,1234,52,1293,285.75
307011171,488,52,534,208.49
307011172,1051,51,1112,249.57
307011173,733,38,784,288.21
307011174,321,57,382,203.68
307011175,457,54,516,203.0
307011176,1082,51,1144,240.76
307011177,315,68,383,174.03
307011178,243,39,281,184.38
307021179,585,24,615,242.72
307021180,735,39,778,262.92
307021181,264,30,302,224.0
307021182,441,28,481,266.36
307021183,1797,100,1897,248.61
307031184,296,15,316,251.83
307031185,207,23,240,234.35
307031186,250,22,286,240.47
307031187,662,13,672,247.27
307031188,341,27,370,238.05
307031189,1908,64,1975,265.55
308011190,1235,81,1300,165.23
308011191,547,95,651,134.89
308011192,2028,92,2116,307.22
308031205,1106,63,1146,258.09
308031206,74,11,81,251.13
308031207,579,13,605,358.35
308031208,840,32,871,298.39
308031209,54,5,76,394.0
308031210,1554,43,1596,341.37
308031211,602,26,621,264.48
308031212,238,9,245,201.71
308031213,1024,43,1069,310.92
308031214,650,27,665,261.21
308031215,818,44,866,286.1
308031216,737,32,766,266.84
308031217,553,21,581,246.83
308031218,83,4,99,295.35
308031219,120,17,127,274.0
308031220,78,13,90,289.8
308031221,0,0,0,
308031222,938,61,1006,286.34
308031223,1982,66,2051,355.95
308041528,661,79,737,211.88
308041529,729,39,766,266.19
308051530,387,24,405,272.41
308051531,1122,31,1144,303.12
308051532,0,0,4,
308051533,1915,69,1999,297.42
308051534,1361,45,1414,230.68
308051535,667,42,712,290.69
308051536,341,9,366,273.7
308051537,0,0,0,
308051538,759,25,787,304.29
308051539,853,38,901,228.68
309011224,558,26,678,570.31
309011225,1262,38,1319,486.53
309011226,985,35,1075,507.96
309011227,2788,84,2971,442.13
309011228,1364,34,1470,448.35
309011229,1156,32,1207,478.15
309021230,1147,38,1213,418.82
309021231,1517,48,1591,464.67
309021232,733,40,768,467.58
309021233,694,32,742,525.96
309021234,2319,70,2456,443.86
309031235,1049,36,1098,475.69
309031236,1939,54,2009,435.65
309031237,1253,23,1281,418.46
309031238,3633,136,3778,384.36
309031239,900,41,985,460.49
309031240,911,36,964,437.2
309041241,176,11,188,385.81
309041242,680,38,720,424.88
309051243,221,17,229,497.85
309051244,1181,37,1227,510.91
309051245,494,21,524,482.65
309061246,1368,48,1431,451.96
309061247,491,20,521,431.74
309061248,2081,90,2187,392.56
309061249,1673,52,1738,475.9
309061250,215,26,272,520.5
309071251,3255,83,3334,461.36
309071252,1096,33,1209,491.25
309071253,1366,43,1542,538.39
309071254,253,18,283,398.14
309071256,1208,41,1266,445.85
309071552,1251,32,1289,438.2
309071553,650,24,683,456.76
309071554,1291,31,1313,432.06
309071555,2080,48,2139,427.74
309071556,657,29,681,515.95
309071557,2380,63,2454,455.52
309071558,1134,26,1160,440.91
309081259,246,12,328,509.69
309081260,845,26,885,474.63
309081262,2611,82,2704,499.5
309081559,1534,58,1638,541.2
309081560,1421,28,1467,539.56
309091263,1063,37,1099,461.9
309091264,692,30,721,457.07
309091265,785,44,824,534.28
309091540,5180,133,5326,400.67
309091541,3464,122,3625,437.78
309101267,648,26,726,567.68
309101268,416,22,464,501.02
309101269,535,13,560,508.07
309101561,2702,67,2824,420.27
309101562,2867,96,3027,412.28
310011271,639,34,662,368.01
310011272,938,43,993,361.52
310011274,3527,184,3714,304.38
310011275,862,32,906,414.22
310011276,453,35,492,283.93
310011563,1094,24,1113,395.7
310011564,2338,78,2421,399.94
310021277,680,39,727,299.08
310021278,341,24,371,262.51
310021279,0,0,0,
310021280,1428,72,1498,314.98
310021281,1055,37,1087,311.28
310021282,1093,44,1140,313.27
310031283,2048,55,2108,309.88
310031284,1367,59,1421,304.78
310031285,759,34,794,303.96
310031286,977,34,1013,284.28
310031287,2730,92,2817,294.87
310031288,234,10,244,346.23
310031289,267,10,274,390.03
310031290,199,5,207,402.59
310031291,1599,42,1636,295.98
310031292,671,31,711,291.11
310031293,1913,68,1999,309.15
310031294,1692,43,1739,384.19
310031295,456,23,486,264.99
310041297,710,36,752,313.22
310041298,0,0,0,
310041299,1467,41,1500,338.55
310041300,1636,49,1689,315.67
310041301,0,0,0,
310041302,4227,99,4325,353.08
310041303,756,14,774,399.15
310041304,3087,63,3152,415.37
310041565,849,16,871,409.75
310041566,1293,32,1323,341.68
311011305,1743,75,1815,307.32
311021306,1661,74,1732,304.48
311021307,2261,68,2329,314.96
311021308,1266,31,1305,376.69
311021309,459,19,474,340.08
311021310,868,21,889,403.8
311031311,2664,90,2760,373.6
311031312,1153,32,1185,365.0
311031313,1065,38,1116,374.44
311031314,1540,59,1602,358.42
311031315,0,0,0,
311031316,848,39,893,361.05
311031317,2283,83,2384,361.39
311031318,120,8,136,475.93
311031319,1137,47,1183,395.42
311041322,257,15,283,470.51
311041567,260,15,291,417.14
311041568,314,15,335,406.01
311041569,354,16,374,434.15
311041570,552,36,593,424.41
311041571,1859,38,1894,390.4
311051323,1557,43,1603,367.45
311051324,387,13,403,428.87
311051325,1023,34,1062,394.55
311051326,2024,61,2083,352.57
311051327,764,27,791,413.11
311051328,1011,43,1052,327.28
311061329,517,18,538,406.69
311061330,1550,61,1620,309.62
311061331,1170,43,1211,280.64
311061332,1164,38,1202,392.79
311061333,1451,74,1516,312.13
311061334,1025,32,1048,388.05
311061335,572,11,585,396.17
311061336,2460,74,2537,280.57
312011337,1372,48,1428,271.9
312011338,1157,80,1248,86.56
312011339,402,36,446,224.0
312011340,283,32,322,213.58
312011341,1698,99,1789,131.72
312021342,1656,71,1736,355.25
312021343,510,12,530,321.68
312021344,1511,45,1542,403.59
312021345,0,0,0,
312021346,998,38,1043,268.22
312021347,81,3,96,510.81
312021348,746,32,768,411.92
312021349,901,35,935,297.41
312021350,490,20,508,419.64
312021351,457,25,491,350.34
312021352,841,37,893,306.17
312021353,329,30,355,237.25
312021354,583,16,610,383.94
312021355,387,10,393,295.74
312021356,995,56,1058,290.45
312021357,459,20,480,344.0
312021358,775,38,820,322.52
312031359,1779,54,1833,378.55
312031360,0,0,0,
312031361,655,32,687,280.08
313011362,1334,40,1380,372.12
313011363,2104,64,2157,339.24
313021364,340,10,352,427.67
313021366,3735,110,3857,342.61
313021367,100,11,122,408.78
313021368,1574,39,1615,364.3
313021369,150,9,163,392.43
313021572,2857,95,2963,318.9
313021573,1345,52,1397,299.79
313031370,390,21,410,329.77
313031371,346,19,376,360.47
313041372,1695,46,1743,360.38
313041373,2925,122,3043,325.2
313041374,457,11,469,344.4
313041375,1492,46,1529,409.82
313041376,72,9,85,421.5
313051377,1128,24,1144,346.14
313051378,2127,58,2179,327.2
313051379,1983,59,2051,334.12
313051380,2288,60,2343,364.63
313051574,16,0,20,210.29
313051575,1611,49,1672,420.73
314011382,843,29,880,444.34
314011383,1427,36,1475,406.21
314011384,224,27,255,406.78
314011385,237,5,252,465.66
314011386,1609,28,1624,461.48
314011387,243,8,280,480.57
314021389,3187,84,3274,396.23
314021576,1149,15,1173,379.13
314021577,3388,88,3477,356.5
314021578,2136,30,2163,411.18
314021579,2788,63,2855,417.32
314031391,950,35,993,386.07
314031392,1013,43,1057,340.06
314031393,910,19,935,371.9
314031394,1857,56,1901,370.08
315011395,186,22,218,124.72
315011396,1097,108,1214,134.34
315011397,54,11,68,146.28
315011398,298,37,336,116.33
315011399,594,25,614,128.8
315011400,300,29,328,229.0
315011401,572,87,667,203.43
315011402,873,42,906,136.64
315011403,680,42,723,515.34
315021404,779,63,848,132.78
315021405,2732,146,2883,275.4
315021406,411,62,483,215.6
315021407,230,54,283,159.8
315031408,403,65,477,167.41
315031409,418,29,447,177.22
315031410,218,35,256,139.36
315031411,344,33,369,137.96
315031412,443,34,476,205.14
316011413,1107,39,1154,462.1
316011414,1465,40,1527,452.97
316011415,1450,38,1498,501.06
316011416,1235,37,1281,471.87
316021417,754,27,794,457.12
316021418,685,16,723,442.75
316021419,1419,42,1460,381.44
316021421,1107,38,1153,445.94
316021422,919,33,958,408.47
316021423,1064,27,1104,475.9
316021424,1610,40,1674,489.83
316021580,1736,30,1770,489.11
316021581,1351,42,1393,466.56
316031425,1634,52,1731,456.0
316031426,1219,29,1270,439.21
316031427,3780,122,3932,419.67
316031428,2043,58,2129,410.99
316051434,415,3,483,518.75
316051435,846,35,929,475.21
316051437,668,25,735,504.0
316051438,981,39,1027,459.7
316051543,391,9,414,458.44
316051544,1265,22,1319,536.37
316061439,745,26,772,392.17
316061440,540,25,562,386.39
316061441,332,12,349,399.5
316061442,948,35,992,465.44
316061443,344,21,371,355.77
316061444,652,22,687,417.55
316071545,745,22,769,466.98
316071546,152,18,163,391.8
316071547,662,34,695,408.32
316071548,2462,91,2551,366.0
316081549,1026,64,1103,420.16
317011445,571,15,584,318.23
317011446,2264,58,2313,314.4
317011447,1685,64,1753,294.05
317011448,1107,48,1150,294.6
317011449,237,6,243,357.35
317011450,693,20,709,399.68
317011451,526,42,565,320.79
317011452,513,10,521,414.37
317011453,1910,59,1987,289.67
317011454,1078,35,1117,285.98
317011455,922,13,934,342.39
317011456,2576,53,2639,294.81
317011457,1335,34,1373,316.74
317011458,1614,44,1676,344.63
317011459,2162,78,2242,291.78
318011460,1006,37,1047,231.04
318011461,521,32,557,215.03
318011462,926,46,983,221.23
318011463,103,23,126,215.0
318011464,552,30,595,213.64
318011465,439,18,455,203.49
318011466,438,14,454,130.66
318021467,794,28,830,270.77
318021468,665,29,695,380.37
318021469,372,15,399,289.27
318021470,789,26,816,355.0
318021471,1381,71,1456,289.65
318021472,690,19,702,292.28
318021474,1233,17,1272,372.47
318021475,1428,66,1497,249.43
318021476,1014,36,1053,274.0
318021477,474,17,497,282.31
318021478,1192,28,1213,265.46
318021479,1009,28,1032,247.79
318021480,1078,36,1113,298.62
318021481,955,50,1008,276.66
318021482,1699,42,1740,352.67
318021483,279,6,282,285.91
318021484,1185,42,1228,356.87
318021485,435,22,454,270.47
318021486,322,22,348,306.28
318021487,1174,23,1193,368.62
318021488,940,28,984,297.64
318021489,127,11,131,269.29
318021490,2100,56,2167,328.59
318021491,523,33,559,284.97
318021582,2233,54,2287,378.56
318021583,608,19,631,306.92
319011492,597,22,618,288.92
319011493,1650,43,1695,326.06
319011494,324,10,333,339.57
319011495,1501,64,1571,250.79
319011496,690,28,718,301.36
319011497,771,38,809,283.94
319011498,514,27,533,291.18
319011499,658,46,708,276.65
319011500,769,35,809,293.38
319011501,802,37,847,273.7
319011502,1416,57,1470,278.84
319021503,581,32,616,218.06
319021504,285,20,316,248.23
319021505,1387,39,1442,264.29
319021506,968,49,1005,182.34
319021507,213,16,242,259.56
319021508,278,30,309,167.77
319021509,737,39,782,228.06
319021510,0,0,0,
319031511,607,17,638,285.14
319031512,1908,56,1979,295.54
319031513,766,27,794,300.03
319031514,788,51,853,299.67
319031515,226,9,230,214.0
319041516,236,9,244,344.65
319041517,171,9,182,403.57
319041518,1735,62,1814,360.0
319041519,552,13,575,344.07
319041520,2168,66,2246,310.52
319041521,1554,50,1594,345.69
319051522,721,39,759,304.76
319051523,299,14,312,243.38
319051524,2160,84,2257,254.06
319051525,360,22,376,254.12
319051526,337,18,353,292.67
397979799,0,0,0,
399999499,0,0,0,
401011001,5136,99,5266,403.16
401011002,1295,31,1348,394.23
401021003,203,6,215,296.8
401021004,506,20,531,416.5
401021005,216,14,223,351.68
401021006,493,19,523,322.32
401021007,2158,50,2208,359.58
401021008,226,14,245,310.77
401021009,406,4,402,352.75
401021010,271,4,285,392.07
401031011,1453,38,1502,377.01
401031012,523,17,559,423.04
401031013,1689,41,1769,340.54
401041014,442,12,453,376.95
401041015,2528,95,2623,336.42
401041016,2545,83,2632,354.34
401051017,2152,55,2230,366.53
401051018,1753,67,1823,334.21
401051019,1675,48,1745,331.77
401061020,902,13,914,321.76
401061021,2003,48,2054,352.34
401061022,831,31,877,384.41
401071023,2197,52,2272,339.95
401071024,2396,54,2498,378.41
402011025,521,15,542,305.93
402011026,2307,82,2396,286.85
402011027,183,12,190,311.12
402021028,1703,62,1767,315.22
402021029,2703,73,2773,271.42
402021030,2195,106,2318,227.77
402021031,1642,78,1708,252.84
402021032,1731,56,1785,311.92
402021033,34,0,34,302.75
402021034,2201,78,2277,242.7
402021035,257,9,277,295.32
402031036,3900,156,4069,304.13
402031038,3128,103,3245,319.26
402031175,2027,89,2110,370.54
402031176,1069,20,1095,321.22
402041039,0,0,0,
402041040,1396,47,1455,309.13
402041041,1187,41,1233,312.15
402041042,0,0,0,
402041043,1641,70,1723,299.41
402041044,1404,59,1482,305.23
402041046,2490,98,2569,270.24
402041047,1391,58,1448,293.79
402041048,2063,100,2153,279.8
402041171,1863,37,1915,371.0
402041172,859,45,910,306.27
402051049,709,18,720,319.45
402051050,663,18,689,308.38
402051051,550,16,547,386.38
402051052,1778,75,1851,319.55
402051053,1294,33,1324,335.71
402051054,718,27,741,348.35
402051055,864,28,900,330.93
403011056,1369,56,1435,362.21
403011057,2985,66,3081,334.19
403021058,2323,69,2388,310.36
403021059,655,17,671,391.77
403021060,540,15,550,382.08
403021061,2580,128,2704,310.6
403021062,2186,97,2283,320.54
403021063,431,3,437,377.62
403021064,2372,85,2438,346.82
403031065,126,7,137,377.0
403031066,476,15,495,341.25
403031067,469,17,480,374.35
403031068,1289,35,1316,332.14
403031069,1095,29,1135,347.85
403031070,777,27,803,320.32
403041071,584,22,602,345.02
403041072,1468,35,1509,322.98
403041073,1489,69,1570,248.84
403041074,1627,42,1687,319.29
403041075,50,5,65,267.88
403041076,107,0,115,426.02
403041077,435,13,452,386.34
403041078,432,19,458,297.62
403041079,1069,43,1113,261.27
403041080,622,13,641,368.35
403041081,0,0,0,
403041082,0,0,9,
403041083,395,10,419,354.56
403041084,1431,38,1478,299.28
403041085,1270,34,1311,293.53
403041086,750,24,775,322.63
403041088,158,3,167,317.29
403041089,619,17,643,358.19
403041177,1505,29,1550,351.07
403041178,864,18,883,320.21
404011090,1081,26,1111,332.18
404011091,1833,72,1915,343.71
404011092,1565,51,1637,356.53
404011093,3229,85,3317,344.74
404011094,795,22,824,310.38
404011095,2148,84,2246,323.92
404011096,1347,44,1401,322.1
404011097,2543,97,2643,311.34
404021098,0,0,0,
404021099,1812,43,1847,323.96
404021100,1582,61,1647,300.53
404021101,1623,65,1696,276.72
404021102,2945,131,3086,271.13
404021103,0,0,0,
404031104,0,0,0,
404031105,235,6,248,321.25
404031106,1636,62,1702,312.08
404031107,4051,107,4171,315.26
404031108,2837,92,2947,331.86
404031109,526,11,542,326.02
405011110,370,13,376,259.84
405011111,463,20,480,262.86
405011112,245,7,257,305.01
405011113,160,16,177,267.24
405011114,623,18,640,293.92
405011115,364,11,388,302.21
405021116,415,13,424,255.99
405021117,300,19,322,226.36
405021118,276,21,303,201.44
405021119,703,72,771,217.46
405031120,302,22,326,196.35
405031121,305,25,328,173.36
405031122,1866,62,1929,189.86
405031123,175,11,188,203.47
405041124,498,19,513,243.9
405041125,397,17,418,245.1
405041126,531,24,556,241.04
405041127,493,60,560,207.34
405041128,267,16,294,209.56
406011129,367,30,403,218.7
406011130,448,29,484,216.92
406011131,265,27,284,175.06
406011132,127,12,141,148.46
406011133,1929,73,1993,241.53
406011134,304,37,344,127.0
406011135,17,0,19,37.5
406011136,3409,146,3548,181.15
406011137,0,0,0,
406021138,319,62,388,86.53
406021139,192,14,221,168.9
406021140,164,11,171,187.39
406021141,174,41,220,94.69
406021142,1815,86,1899,205.2
406021143,773,33,802,260.15
407011144,1150,29,1171,280.91
407011145,406,21,430,212.95
407011146,560,17,581,303.32
407011147,282,17,305,269.38
407011148,1423,46,1477,292.85
407011149,379,25,415,272.37
407021150,217,17,233,206.16
407021151,302,31,331,221.6
407021152,518,18,535,184.14
407021154,605,26,640,229.87
407021155,109,30,145,161.85
407021156,243,24,261,185.05
407021157,519,39,554,198.46
407021158,127,14,133,189.1
407021173,1608,52,1666,220.93
407021174,1790,66,1854,219.2
407031159,516,29,543,207.34
407031160,681,39,726,216.29
407031161,165,12,193,171.73
407031162,505,21,537,223.49
407031163,83,10,104,181.65
407031164,453,22,473,213.89
407031165,2386,109,2515,238.8
407031166,145,27,183,218.75
407031167,682,36,725,209.87
407031168,272,20,289,212.39
407031169,458,55,493,197.1
407031170,516,37,554,201.02
497979799,0,0,0,
499999499,0,0,0,
501011001,452,38,494,312.7
501011003,702,45,759,423.38
501011004,857,37,903,388.09
501011293,930,27,970,366.36
501011294,1746,57,1796,363.35
501021005,1197,35,1236,359.97
501021007,308,18,326,324.33
501021008,1064,41,1098,280.27
501021009,623,37,665,247.26
501021010,142,12,162,269.92
501021011,0,0,0,
501021012,868,35,904,358.77
501021014,751,36,798,276.82
501021015,811,31,847,305.19
501021016,259,17,273,265.71
501021251,883,33,931,365.1
501021252,51,0,57,369.04
501021253,1671,51,1737,316.4
501021254,776,31,813,253.3
501031017,428,28,453,259.9
501031018,315,23,337,286.18
501031019,640,26,660,233.54
501031020,301,23,331,228.06
502011021,421,17,448,354.35
502011022,809,24,837,324.38
502011023,895,42,945,290.02
502011024,1493,55,1555,353.95
502011025,2216,77,2298,273.45
502011026,482,20,505,324.47
502011027,1495,43,1544,366.98
502011028,1318,50,1384,285.54
502011029,669,30,693,292.86
503011030,171,5,244,664.72
503011031,1105,37,1240,451.56
503011032,593,17,767,511.53
503011033,293,14,347,569.3
503011034,1163,46,1298,307.57
503011035,1669,46,1910,434.02
503011036,548,23,675,354.71
503021037,0,0,5,
503021038,1427,29,1465,433.02
503021039,2460,48,2530,346.29
503021040,1249,26,1286,412.02
503021042,2861,73,3043,413.53
503021043,3099,68,3223,307.41
503021295,3283,74,3419,416.72
503021296,3061,80,3160,389.87
503021297,3582,89,3713,416.7
504011044,1662,73,1730,334.41
504011045,2637,92,2725,355.81
504011046,3052,65,3123,302.55
504011047,2338,96,2450,372.09
504011048,481,15,492,359.38
504021049,77,7,95,387.12
504021050,136,11,157,400.4
504021051,321,12,327,318.83
504021052,0,0,0,
504021053,409,18,425,389.81
504021054,978,51,1017,313.14
504031055,0,0,0,
504031056,1080,50,1118,359.73
504031057,1436,57,1504,353.03
504031058,264,18,287,358.35
504031060,46,12,60,327.86
504031061,312,9,332,393.6
504031062,885,29,931,336.2
504031063,5,0,3,799.5
504031064,0,0,0,
504031065,478,24,516,324.74
504031066,2207,80,2295,301.52
504031067,451,27,484,332.87
504031068,554,19,569,376.63
504031069,0,0,0,
504031298,989,33,1026,396.33
504031299,448,13,449,386.35
504031300,1487,41,1522,360.76
505011070,908,21,942,384.99
505011071,879,26,911,409.91
505011072,626,20,657,474.88
505011073,787,24,802,406.24
505011074,771,28,801,392.37
505011075,488,25,531,489.78
505011076,227,6,246,650.83
505011077,1687,50,1734,372.02
505011078,554,15,569,418.29
505011079,532,12,565,458.25
505011080,322,10,326,532.33
505011081,504,23,526,397.93
505011082,345,12,388,480.75
505011083,320,6,324,481.68
505021084,1686,71,1745,352.41
505021085,3068,123,3195,308.26
505021087,0,0,0,
505021088,2637,86,2733,401.89
505021089,978,24,1019,469.08
505021090,3590,129,3719,341.19
505021091,95,0,98,423.37
505021092,2876,78,3002,415.84
505021093,1665,39,1707,321.06
505021094,618,23,655,398.49
505021095,2633,67,2707,328.53
505021096,921,17,1006,417.35
505021097,2337,60,2414,332.35
505021301,735,37,780,323.74
505021302,1568,49,1624,346.99
505031098,840,34,880,315.03
505031099,2425,72,2508,340.57
505031100,1161,29,1190,387.12
505031101,1496,38,1542,367.54
505031102,1087,33,1115,296.49
505031104,645,43,688,350.95
505031105,1263,36,1319,417.14
505031106,0,0,0,
505031107,784,24,811,417.43
505031255,1230,28,1261,370.04
505031256,57,3,55,263.5
505031257,206,5,222,337.68
505031258,798,26,811,344.48
505031303,777,29,805,401.27
505031304,485,25,527,457.14
505031305,676,23,697,447.75
505031306,1105,44,1149,368.81
506011110,2685,103,2789,279.77
506011111,0,0,0,
506011112,514,13,527,294.45
506011114,1058,37,1104,295.93
506011115,230,7,243,341.47
506011116,158,16,178,356.91
506011117,801,29,829,333.22
506011307,722,14,720,423.35
506011308,773,32,796,422.51
506021118,2252,108,2374,354.73
506021119,2805,87,2913,358.65
506021120,0,0,0,
506021121,0,0,0,
506021123,3246,70,3339,366.52
506021309,1426,40,1469,341.99
506021310,1032,31,1052,351.18
506021311,2514,66,2587,351.66
506031124,3500,151,3672,331.85
506031125,418,19,436,469.08
506031126,0,0,0,
506031127,3195,110,3316,356.06
506031128,1179,47,1233,341.17
506031129,1083,25,1121,409.27
506031130,0,0,0,
506031131,1178,30,1214,416.55
506041132,2259,108,2352,323.64
506041133,1372,49,1425,421.14
506041134,2394,70,2470,293.12
506041135,1184,52,1225,394.97
506041136,1271,74,1351,300.03
506041137,1700,65,1775,332.32
506051138,1333,61,1407,372.93
506051139,968,35,1000,388.2
506051140,690,26,714,384.83
506051141,395,18,418,364.44
506061142,929,31,952,391.73
506061143,179,9,199,393.68
506061144,125,3,135,324.76
506071145,2532,70,2632,368.06
506071146,938,52,993,341.33
506071147,2672,70,2811,385.51
507011148,1422,37,1468,418.76
507011150,0,0,0,
507011151,0,0,0,
507011152,462,27,484,410.0
507011153,1045,26,1073,308.99
507011154,1664,61,1733,323.31
507011155,0,0,0,
507011158,355,0,378,475.96
507011159,1221,41,1269,371.56
507011160,1275,29,1305,350.5
507011161,1587,39,1642,406.0
507011163,538,21,563,354.28
507011259,797,34,837,393.24
507011260,99,5,102,444.36
507021164,639,13,652,422.83
507021165,2479,91,2629,387.56
507021166,1483,69,1573,361.38
507021167,8,0,3,469.8
507031169,1576,39,1627,360.53
507031170,873,42,913,276.59
507031172,0,0,3,
507031173,3,0,8,312.0
507031174,1262,64,1317,271.52
507031261,451,13,461,404.72
507041175,1008,29,1090,473.59
507041176,258,3,263,416.8
507041177,1442,40,1489,369.8
507041178,1326,42,1406,418.23
507041179,488,20,509,427.48
507041180,444,13,455,443.75
507041181,1027,25,1081,428.66
507041182,865,26,902,410.23
507041183,700,37,744,282.48
507041184,190,9,206,554.95
507051186,797,27,826,295.92
507051187,969,34,1006,366.26
507051188,2505,71,2582,296.7
507051189,0,0,0,
507051190,1165,43,1211,294.87
507051191,1456,35,1486,379.1
507051192,1003,41,1041,324.76
507051193,988,43,1031,318.04
507051312,892,38,927,363.64
507051313,1779,37,1828,384.71
507051314,120,0,131,385.84
509011225,1949,54,2012,307.44
509011226,165,15,190,242.74
509011227,336,16,355,346.69
509011228,475,20,484,299.06
509011229,192,44,242,176.54
509011230,429,22,459,204.34
509011231,304,37,349,188.35
509011232,182,3,183,267.32
509011233,1002,54,1051,295.76
509011234,363,27,382,221.8
509011235,0,0,0,
509021236,156,8,158,313.12
509021237,260,27,283,179.24
509021238,310,39,352,175.04
509021239,529,58,601,291.53
509021240,429,20,454,202.69
509021241,335,39,361,216.67
509021242,225,36,254,151.27
509021243,893,47,944,256.5
509021244,179,10,199,295.02
509021245,291,15,311,247.58
509031246,244,40,276,202.88
509031247,253,43,297,168.62
509031248,191,22,213,290.68
509031249,496,21,517,239.96
509031250,291,33,341,189.27
510011262,2085,168,2299,333.02
510011263,1240,97,1328,103.41
510011264,612,45,663,94.27
510011265,1173,100,1275,228.98
510011266,338,49,392,109.28
510021267,226,38,269,63.49
510021268,893,99,998,134.25
510021269,762,107,931,203.43
510021270,2056,199,2274,228.73
510031271,1087,110,1201,52.26
510031272,2612,281,3035,318.54
510031273,732,41,793,155.56
511011274,1257,55,1314,270.3
511011275,224,90,306,229.9
511021276,640,50,697,216.48
511021277,564,65,637,259.62
511031278,745,19,767,301.76
511031279,1664,65,1727,308.32
511031280,1124,47,1171,340.5
511031281,0,0,0,
511031282,443,22,471,198.06
511031283,477,67,549,66.45
511031284,0,0,0,
511041285,1797,85,1887,227.26
511041286,502,22,533,224.0
511041287,689,28,725,312.38
511041288,1006,31,1022,313.21
511041289,332,18,345,255.01
511041290,229,55,278,131.65
511041291,232,50,279,182.98
511041292,310,49,363,229.98
597979799,0,0,0,
599999499,0,0,0,
601011001,1550,66,1610,246.84
601011002,433,17,437,360.78
601011003,194,4,203,417.74
601021004,749,18,773,365.71
601021005,219,15,230,428.38
601021006,239,7,242,387.34
601021007,754,17,789,416.0
601021008,663,26,690,410.09
601021009,788,29,826,313.16
601021010,345,15,350,318.25
601021011,1166,34,1196,323.88
601021012,145,10,149,391.74
601031013,218,9,237,363.2
601031014,644,25,679,313.04
601031015,1158,30,1188,327.34
601031016,697,27,730,332.32
601031017,2081,74,2156,321.09
601031018,561,15,579,354.15
601031019,860,26,894,332.99
601031020,740,35,766,283.95
601031021,663,18,689,344.49
601041022,1413,47,1455,382.01
601041023,836,22,866,410.65
601041024,409,13,423,384.22
601041025,0,0,0,
601041026,179,0,189,426.61
601051027,1848,56,1936,416.58
601051028,904,31,934,380.49
601051029,485,19,504,370.21
601051030,1012,35,1052,343.94
601051031,1548,32,1603,423.31
601051032,706,17,733,390.01
601051033,872,22,904,405.91
601061034,433,18,457,331.67
601061035,830,14,843,366.5
602011036,656,20,683,285.34
602011037,661,22,681,305.1
602011038,967,24,1001,320.98
602011039,270,7,269,351.92
602011040,717,24,743,288.36
602011041,1451,53,1506,249.44
602011042,586,9,601,310.05
602011043,262,10,276,321.49
602011044,632,17,652,299.39
602011045,736,33,768,226.33
602011046,683,22,694,306.75
602011047,862,19,879,302.25
602011048,566,13,577,295.35
602011049,492,5,492,317.12
602011050,423,13,427,243.44
602011051,534,8,539,300.46
602011052,344,17,359,293.5
602021053,259,13,288,251.3
602021054,473,28,504,241.7
602021055,236,10,237,296.63
602021056,229,4,232,266.04
602021057,299,14,311,252.56
602031058,113,12,129,260.22
602031059,753,32,794,220.38
602031060,423,21,444,268.26
602031061,294,40,334,211.0
602031062,324,18,349,285.67
602031064,557,27,583,238.59
602031099,96,8,104,141.02
602031100,504,31,549,220.57
603011065,139,23,166,204.67
603011066,107,9,110,241.96
603011067,292,25,327,252.11
603011068,0,0,0,
603021069,140,6,143,326.23
603021070,272,12,295,291.44
603021071,211,6,217,276.63
603021072,556,26,577,298.37
603031073,162,9,165,240.68
603031074,399,20,421,245.25
604011075,551,17,565,234.83
604011076,214,16,211,223.31
604011077,625,17,639,238.26
604011078,874,29,912,240.28
604011079,392,11,410,255.95
604011080,363,10,366,259.96
604011081,445,19,467,239.11
604011082,751,37,780,244.74
604011083,426,20,449,246.82
604011084,723,27,750,221.42
604021085,2111,89,2205,250.56
604021086,750,28,784,236.49
604021087,547,20,572,253.1
604021088,246,15,264,295.31
604021089,459,21,486,284.19
604021090,158,5,169,277.64
604021091,294,19,312,223.37
604021092,181,6,184,256.85
604031093,152,18,161,186.22
604031094,229,35,250,213.5
604031095,390,16,410,226.61
604031096,182,12,190,258.41
604031097,443,24,474,168.9
604031098,0,0,0,
697979799,0,0,0,
699999499,0,0,0,
701011001,0,0,0,
701011002,2159,66,2248,454.06
701011003,0,0,0,
701011004,697,22,745,390.6
701011005,908,17,933,410.56
701011006,406,45,471,263.66
701011007,660,11,689,415.8
701011008,865,31,913,405.6
701011009,517,16,541,494.42
701021010,232,15,245,343.42
701021011,182,7,205,408.67
701021012,139,18,146,356.19
701021013,367,8,378,403.04
701021014,0,0,0,
701021015,0,0,0,
701021016,678,64,737,316.69
701021017,0,6,7,
701021018,145,0,149,401.91
701021019,551,30,583,298.08
701021020,485,15,511,409.85
701021021,810,45,862,293.34
701021022,525,72,598,346.99
701021023,431,16,456,348.06
701021024,204,13,215,337.11
701021025,792,24,828,351.06
701021026,699,21,724,370.67
701021027,279,10,281,369.66
701021028,252,10,258,340.42
701021029,167,10,173,399.5
701021030,201,8,211,434.49
701031031,184,16,205,345.92
701031032,354,28,372,436.23
701031033,0,0,0,
701031034,290,8,301,396.2
701031035,190,13,213,346.61
701041036,488,17,520,390.42
701041037,424,14,433,365.59
701041038,561,23,598,498.12
701041039,507,54,570,303.92
701041040,395,22,422,287.53
701041041,598,26,625,465.86
701041042,768,22,793,450.68
701041043,1053,58,1117,415.7
701041044,416,38,454,367.38
702011045,556,35,598,359.38
702011046,791,50,855,371.66
702011047,587,35,640,402.35
702011048,641,62,697,407.18
702011049,656,67,737,396.66
702011050,466,39,505,121.78
702011051,292,22,305,284.79
702011052,402,57,456,62.91
702011053,339,48,388,88.07
702011054,257,27,286,84.2
702021055,224,57,274,66.94
702021056,443,107,557,178.93
702031057,363,82,452,111.46
702031058,190,23,215,77.91
702031059,271,22,299,53.9
702031060,448,28,490,83.12
702031061,595,78,675,86.09
702041062,417,43,454,83.12
702041063,735,79,830,93.56
702041064,387,125,511,125.22
702051065,244,26,276,83.37
702051066,482,39,520,73.4
702051067,1385,113,1513,292.38
702051068,305,40,340,78.04
797979799,0,0,0,
799999499,0,0,0,
801011001,120,10,140,526.15
801011002,2506,55,2572,432.34
801011003,1295,33,1330,439.65
801011004,340,28,365,366.33
801011005,291,5,294,442.45
801011006,416,23,444,473.4
801011007,414,10,429,470.22
801011008,608,16,624,393.82
801011009,182,10,190,479.12
801011010,70,3,76,454.95
801011011,225,8,231,475.11
801011012,0,0,0,
801011013,255,12,270,385.19
801011014,269,13,279,403.71
801011015,601,21,619,386.49
801011016,619,35,657,462.8
801011017,292,13,292,389.31
801011018,424,12,453,545.37
801011019,498,19,509,469.13
801011020,436,22,468,398.09
801011021,179,9,181,422.19
801011022,235,14,247,381.32
801011023,372,14,380,441.38
801011024,352,16,373,393.88
801011025,168,10,184,362.91
801011026,130,8,136,469.8
801011111,0,0,0,
801011142,0,0,0,
801011143,8,3,14,429.2
801011144,0,0,0,
801031031,0,0,0,
801031032,0,0,0,
801031113,129,5,145,266.79
801031114,34,0,33,401.33
801031115,7,0,21,267.88
801041034,536,16,566,463.93
801041035,664,13,690,519.57
801041036,623,18,646,509.55
801041037,542,20,570,458.49
801041038,319,5,313,588.8
801041039,1146,39,1198,465.55
801041040,1637,32,1690,454.23
801041043,16,0,19,149.0
801041044,1213,32,1257,447.96
801041045,0,0,0,
801041046,1027,33,1060,459.82
801041047,312,18,333,510.33
801041048,565,18,576,458.58
801041116,0,0,0,
801041117,0,0,0,
801041118,76,3,81,456.0
801041119,0,0,3,
801041120,371,20,383,472.8
801041121,148,13,156,298.12
801041122,157,5,164,402.59
801051049,0,0,0,
801051050,597,24,660,337.37
801051051,1965,46,2042,502.17
801051053,1037,18,1107,551.24
801051054,643,7,657,490.12
801051055,577,20,587,423.69
801051056,256,11,276,388.63
801051057,1165,32,1214,423.24
801051058,798,25,849,452.66
801051060,1131,18,1161,492.05
801051061,853,24,887,433.65
801051123,0,0,0,
801051124,558,14,621,529.93
801051125,134,3,137,273.12
801051126,0,0,0,
801051127,317,8,320,415.03
801051128,0,0,0,
801061062,225,10,250,517.1
801061063,206,9,240,559.43
801061064,908,17,939,471.96
801061066,0,0,0,
801061067,814,36,886,427.09
801061068,0,0,0,
801061069,186,9,220,471.52
801061070,235,5,283,497.85
801061129,435,6,449,538.22
801061130,6,0,11,349.0
801061131,1593,24,1673,524.33
801071071,298,17,314,419.57
801071072,390,11,397,441.18
801071073,292,10,301,449.0
801071074,342,19,368,397.85
801071075,296,10,310,391.37
801071076,67,0,69,611.38
801071077,212,5,214,420.4
801071078,541,19,554,418.06
801071079,157,5,172,433.25
801071080,782,18,810,452.92
801071081,302,16,311,451.77
801071082,1171,73,1234,390.18
801071083,41,0,48,503.62
801071084,373,13,408,456.46
801071085,0,0,0,
801071086,145,8,140,389.35
801071087,267,17,285,382.03
801071088,222,11,234,427.0
801071089,0,0,0,
801071090,578,33,606,399.5
801071132,0,0,0,
801081091,116,0,113,383.0
801081092,204,10,230,445.19
801081093,222,5,232,418.54
801081094,196,8,203,472.19
801081095,301,16,316,338.12
801081096,175,11,175,464.33
801081097,294,13,295,383.0
801081098,324,9,330,431.11
801081133,0,0,0,
801091099,334,12,342,447.59
801091100,452,15,488,443.95
801091101,197,8,216,434.03
801091102,350,13,375,554.34
801091103,265,4,272,395.79
801091104,143,10,158,521.89
801091105,537,23,567,390.15
801091106,470,24,491,401.1
801091107,5,0,33,899.5
801091108,259,0,265,429.01
801091109,1263,27,1297,444.0
801091110,195,10,212,465.68
801101134,0,0,0,
801101135,453,13,475,483.98
801101136,121,0,141,482.03
801101137,0,0,0,
801101139,452,8,461,471.86
801101145,0,0,0,
801101146,0,0,0,
801111140,32,3,33,299.67
801111141,6,0,10,449.0
897979799,0,0,0,
899999499,0,0,0,
901011001,189,14,204,146.9
901021002,59,13,82,235.5
901031003,42,0,58,64.88
901041004,239,19,260,227.04
997979799,0,0,0,
999999499,0,0,0,
