date,state,median_weekly_rent
2018-06-01,ACT,470.0
2018-06-01,NSW,490.0
2018-06-01,NT,450.0
2018-06-01,QLD,380.0
2018-06-01,SA,320.0
2018-06-01,TAS,270.0
2018-06-01,VIC,375.0
2018-06-01,WA,350.0
2018-07-01,ACT,470.0
2018-07-01,NSW,490.0
2018-07-01,NT,450.0
2018-07-01,QLD,380.0
2018-07-01,SA,320.0
2018-07-01,TAS,265.0
2018-07-01,VIC,380.0
2018-07-01,WA,350.0
2018-08-01,ACT,465.0
2018-08-01,NSW,490.0
2018-08-01,NT,450.0
2018-08-01,QLD,380.0
2018-08-01,SA,320.0
2018-08-01,TAS,270.0
2018-08-01,VIC,380.0
2018-08-01,WA,350.0
2018-09-01,ACT,465.0
2018-09-01,NSW,490.0
2018-09-01,NT,450.0
2018-09-01,QLD,375.0
2018-09-01,SA,320.0
2018-09-01,TAS,265.0
2018-09-01,VIC,385.0
2018-09-01,WA,350.0
2018-10-01,ACT,470.0
2018-10-01,NSW,480.0
2018-10-01,NT,450.0
2018-10-01,QLD,375.0
2018-10-01,SA,320.0
2018-10-01,TAS,270.0
2018-10-01,VIC,380.0
2018-10-01,WA,350.0
2018-11-01,ACT,470.0
2018-11-01,NSW,480.0
2018-11-01,NT,440.0
2018-11-01,QLD,375.0
2018-11-01,SA,320.0
2018-11-01,TAS,270.0
2018-11-01,VIC,380.0
2018-11-01,WA,350.0
2018-12-01,ACT,470.0
2018-12-01,NSW,480.0
2018-12-01,NT,440.0
2018-12-01,QLD,375.0
2018-12-01,SA,320.0
2018-12-01,TAS,270.0
2018-12-01,VIC,385.0
2018-12-01,WA,350.0
2019-01-01,ACT,480.0
2019-01-01,NSW,485.0
2019-01-01,NT,440.0
2019-01-01,QLD,375.0
2019-01-01,SA,320.0
2019-01-01,TAS,280.0
2019-01-01,VIC,385.0
2019-01-01,WA,350.0
2019-02-01,ACT,480.0
2019-02-01,NSW,480.0
2019-02-01,NT,430.0
2019-02-01,QLD,380.0
2019-02-01,SA,320.0
2019-02-01,TAS,280.0
2019-02-01,VIC,390.0
2019-02-01,WA,350.0
2019-03-01,ACT,480.0
2019-03-01,NSW,480.0
2019-03-01,NT,430.0
2019-03-01,QLD,380.0
2019-03-01,SA,325.0
2019-03-01,TAS,280.0
2019-03-01,VIC,389.0
2019-03-01,WA,350.0
2019-04-01,ACT,480.0
2019-04-01,NSW,480.0
2019-04-01,NT,430.0
2019-04-01,QLD,380.0
2019-04-01,SA,325.0
2019-04-01,TAS,270.0
2019-04-01,VIC,385.0
2019-04-01,WA,350.0
2019-05-01,ACT,482.0
2019-05-01,NSW,480.0
2019-05-01,NT,425.0
2019-05-01,QLD,380.0
2019-05-01,SA,325.0
2019-05-01,TAS,275.0
2019-05-01,VIC,389.0
2019-05-01,WA,350.0
2019-06-01,ACT,485.0
2019-06-01,NSW,485.0
2019-06-01,NT,420.0
2019-06-01,QLD,380.0
2019-06-01,SA,325.0
2019-06-01,TAS,275.0
2019-06-01,VIC,390.0
2019-06-01,WA,350.0
2019-07-01,ACT,490.0
2019-07-01,NSW,480.0
2019-07-01,NT,420.0
2019-07-01,QLD,380.0
2019-07-01,SA,328.0
2019-07-01,TAS,275.0
2019-07-01,VIC,390.0
2019-07-01,WA,350.0
2019-08-01,ACT,490.0
2019-08-01,NSW,480.0
2019-08-01,NT,420.0
2019-08-01,QLD,380.0
2019-08-01,SA,325.0
2019-08-01,TAS,280.0
2019-08-01,VIC,390.0
2019-08-01,WA,350.0
2019-09-01,ACT,490.0
2019-09-01,NSW,480.0
2019-09-01,NT,420.0
2019-09-01,QLD,380.0
2019-09-01,SA,325.0
2019-09-01,TAS,280.0
2019-09-01,VIC,390.0
2019-09-01,WA,350.0
2019-10-01,ACT,490.0
2019-10-01,NSW,480.0
2019-10-01,NT,420.0
2019-10-01,QLD,380.0
2019-10-01,SA,325.0
2019-10-01,TAS,295.0
2019-10-01,VIC,390.0
2019-10-01,WA,350.0
2019-11-01,ACT,490.0
2019-11-01,NSW,480.0
2019-11-01,NT,420.0
2019-11-01,QLD,380.0
2019-11-01,SA,325.0
2019-11-01,TAS,300.0
2019-11-01,VIC,390.0
2019-11-01,WA,350.0
2019-12-01,ACT,495.0
2019-12-01,NSW,480.0
2019-12-01,NT,420.0
2019-12-01,QLD,380.0
2019-12-01,SA,330.0
2019-12-01,TAS,300.0
2019-12-01,VIC,390.0
2019-12-01,WA,350.0
2020-01-01,ACT,495.0
2020-01-01,NSW,480.0
2020-01-01,NT,420.0
2020-01-01,QLD,385.0
2020-01-01,SA,330.0
2020-01-01,TAS,300.0
2020-01-01,VIC,390.0
2020-01-01,WA,350.0
2020-02-01,ACT,500.0
2020-02-01,NSW,480.0
2020-02-01,NT,420.0
2020-02-01,QLD,385.0
2020-02-01,SA,330.0
2020-02-01,TAS,300.0
2020-02-01,VIC,394.0
2020-02-01,WA,350.0
2020-03-01,ACT,500.0
2020-03-01,NSW,480.0
2020-03-01,NT,420.0
2020-03-01,QLD,385.0
2020-03-01,SA,330.0
2020-03-01,TAS,300.0
2020-03-01,VIC,394.0
2020-03-01,WA,350.0
2020-04-01,ACT,500.0
2020-04-01,NSW,470.0
2020-04-01,NT,415.0
2020-04-01,QLD,380.0
2020-04-01,SA,325.0
2020-04-01,TAS,300.0
2020-04-01,VIC,390.0
2020-04-01,WA,350.0
2020-05-01,ACT,500.0
2020-05-01,NSW,470.0
2020-05-01,NT,411.0
2020-05-01,QLD,380.0
2020-05-01,SA,325.0
2020-05-01,TAS,300.0
2020-05-01,VIC,390.0
2020-05-01,WA,350.0
2020-06-01,ACT,500.0
2020-06-01,NSW,470.0
2020-06-01,NT,410.0
2020-06-01,QLD,380.0
2020-06-01,SA,328.0
2020-06-01,TAS,300.0
2020-06-01,VIC,390.0
2020-06-01,WA,350.0
2020-07-01,ACT,500.0
2020-07-01,NSW,470.0
2020-07-01,NT,410.0
2020-07-01,QLD,380.0
2020-07-01,SA,330.0
2020-07-01,TAS,310.0
2020-07-01,VIC,390.0
2020-07-01,WA,350.0
2020-08-01,ACT,500.0
2020-08-01,NSW,470.0
2020-08-01,NT,410.0
2020-08-01,QLD,380.0
2020-08-01,SA,330.0
2020-08-01,TAS,310.0
2020-08-01,VIC,390.0
2020-08-01,WA,350.0
2020-09-01,ACT,500.0
2020-09-01,NSW,470.0
2020-09-01,NT,410.0
2020-09-01,QLD,380.0
2020-09-01,SA,330.0
2020-09-01,TAS,310.0
2020-09-01,VIC,390.0
2020-09-01,WA,350.0
2020-10-01,ACT,500.0
2020-10-01,NSW,470.0
2020-10-01,NT,415.0
2020-10-01,QLD,380.0
2020-10-01,SA,330.0
2020-10-01,TAS,310.0
2020-10-01,VIC,390.0
2020-10-01,WA,350.0
2020-11-01,ACT,500.0
2020-11-01,NSW,470.0
2020-11-01,NT,420.0
2020-11-01,QLD,380.0
2020-11-01,SA,330.0
2020-11-01,TAS,310.0
2020-11-01,VIC,390.0
2020-11-01,WA,350.0
2020-12-01,ACT,500.0
2020-12-01,NSW,470.0
2020-12-01,NT,420.0
2020-12-01,QLD,380.0
2020-12-01,SA,330.0
2020-12-01,TAS,310.0
2020-12-01,VIC,385.0
2020-12-01,WA,350.0
2021-01-01,ACT,500.0
2021-01-01,NSW,470.0
2021-01-01,NT,420.0
2021-01-01,QLD,380.0
2021-01-01,SA,330.0
2021-01-01,TAS,310.0
2021-01-01,VIC,385.0
2021-01-01,WA,350.0
2021-02-01,ACT,500.0
2021-02-01,NSW,470.0
2021-02-01,NT,420.0
2021-02-01,QLD,380.0
2021-02-01,SA,330.0
2021-02-01,TAS,315.0
2021-02-01,VIC,385.0
2021-02-01,WA,360.0
2021-03-01,ACT,500.0
2021-03-01,NSW,470.0
2021-03-01,NT,425.0
2021-03-01,QLD,380.0
2021-03-01,SA,330.0
2021-03-01,TAS,320.0
2021-03-01,VIC,380.0
2021-03-01,WA,360.0
2021-04-01,ACT,500.0
2021-04-01,NSW,470.0
2021-04-01,NT,430.0
2021-04-01,QLD,380.0
2021-04-01,SA,330.0
2021-04-01,TAS,320.0
2021-04-01,VIC,380.0
2021-04-01,WA,360.0
2021-05-01,ACT,506.0
2021-05-01,NSW,470.0
2021-05-01,NT,430.0
2021-05-01,QLD,385.0
2021-05-01,SA,330.0
2021-05-01,TAS,320.0
2021-05-01,VIC,380.0
2021-05-01,WA,370.0
2021-06-01,ACT,510.0
2021-06-01,NSW,470.0
2021-06-01,NT,440.0
2021-06-01,QLD,385.0
2021-06-01,SA,335.0
2021-06-01,TAS,320.0
2021-06-01,VIC,380.0
2021-06-01,WA,370.0
2021-07-01,ACT,500.0
2021-07-01,NSW,475.0
2021-07-01,NT,440.0
2021-07-01,QLD,385.0
2021-07-01,SA,335.0
2021-07-01,TAS,325.0
2021-07-01,VIC,383.0
2021-07-01,WA,375.0
2021-08-01,ACT,500.0
2021-08-01,NSW,475.0
2021-08-01,NT,450.0
2021-08-01,QLD,390.0
2021-08-01,SA,335.0
2021-08-01,TAS,330.0
2021-08-01,VIC,385.0
2021-08-01,WA,380.0
2021-09-01,ACT,500.0
2021-09-01,NSW,480.0
2021-09-01,NT,450.0
2021-09-01,QLD,390.0
2021-09-01,SA,340.0
2021-09-01,TAS,330.0
2021-09-01,VIC,385.0
2021-09-01,WA,380.0
2021-10-01,ACT,500.0
2021-10-01,NSW,480.0
2021-10-01,NT,450.0
2021-10-01,QLD,390.0
2021-10-01,SA,340.0
2021-10-01,TAS,330.0
2021-10-01,VIC,385.0
2021-10-01,WA,380.0
2021-11-01,ACT,510.0
2021-11-01,NSW,480.0
2021-11-01,NT,450.0
2021-11-01,QLD,390.0
2021-11-01,SA,340.0
2021-11-01,TAS,330.0
2021-11-01,VIC,385.0
2021-11-01,WA,385.0
2021-12-01,ACT,510.0
2021-12-01,NSW,480.0
2021-12-01,NT,460.0
2021-12-01,QLD,395.0
2021-12-01,SA,340.0
2021-12-01,TAS,340.0
2021-12-01,VIC,385.0
2021-12-01,WA,390.0
2022-01-01,ACT,515.0
2022-01-01,NSW,480.0
2022-01-01,NT,460.0
2022-01-01,QLD,400.0
2022-01-01,SA,350.0
2022-01-01,TAS,350.0
2022-01-01,VIC,390.0
2022-01-01,WA,395.0
2022-02-01,ACT,520.0
2022-02-01,NSW,480.0
2022-02-01,NT,470.0
2022-02-01,QLD,400.0
2022-02-01,SA,350.0
2022-02-01,TAS,350.0
2022-02-01,VIC,390.0
2022-02-01,WA,400.0
2022-03-01,ACT,520.0
2022-03-01,NSW,485.0
2022-03-01,NT,480.0
2022-03-01,QLD,400.0
2022-03-01,SA,350.0
2022-03-01,TAS,350.0
2022-03-01,VIC,390.0
2022-03-01,WA,400.0
2022-04-01,ACT,525.0
2022-04-01,NSW,490.0
2022-04-01,NT,480.0
2022-04-01,QLD,405.0
2022-04-01,SA,350.0
2022-04-01,TAS,350.0
2022-04-01,VIC,390.0
2022-04-01,WA,400.0
2022-05-01,ACT,530.0
2022-05-01,NSW,490.0
2022-05-01,NT,480.0
2022-05-01,QLD,410.0
2022-05-01,SA,350.0
2022-05-01,TAS,360.0
2022-05-01,VIC,395.0
2022-05-01,WA,400.0
2022-06-01,ACT,530.0
2022-06-01,NSW,495.0
2022-06-01,NT,489.0
2022-06-01,QLD,410.0
2022-06-01,SA,355.0
2022-06-01,TAS,360.0
2022-06-01,VIC,399.0
2022-06-01,WA,410.0
2022-07-01,ACT,539.0
2022-07-01,NSW,500.0
2022-07-01,NT,490.0
2022-07-01,QLD,415.0
2022-07-01,SA,360.0
2022-07-01,TAS,370.0
2022-07-01,VIC,400.0
2022-07-01,WA,415.0
2022-08-01,ACT,540.0
2022-08-01,NSW,500.0
2022-08-01,NT,495.0
2022-08-01,QLD,420.0
2022-08-01,SA,360.0
2022-08-01,TAS,370.0
2022-08-01,VIC,400.0
2022-08-01,WA,420.0
2022-09-01,ACT,550.0
2022-09-01,NSW,500.0
2022-09-01,NT,500.0
2022-09-01,QLD,420.0
2022-09-01,SA,365.0
2022-09-01,TAS,370.0
2022-09-01,VIC,400.0
2022-09-01,WA,420.0
2022-10-01,ACT,550.0
2022-10-01,NSW,510.0
2022-10-01,NT,500.0
2022-10-01,QLD,430.0
2022-10-01,SA,370.0
2022-10-01,TAS,375.0
2022-10-01,VIC,400.0
2022-10-01,WA,430.0
2022-11-01,ACT,550.0
2022-11-01,NSW,515.0
2022-11-01,NT,500.0
2022-11-01,QLD,430.0
2022-11-01,SA,370.0
2022-11-01,TAS,380.0
2022-11-01,VIC,405.0
2022-11-01,WA,430.0
2022-12-01,ACT,550.0
2022-12-01,NSW,520.0
2022-12-01,NT,500.0
2022-12-01,QLD,440.0
2022-12-01,SA,375.0
2022-12-01,TAS,380.0
2022-12-01,VIC,410.0
2022-12-01,WA,440.0
2023-01-01,ACT,555.0
2023-01-01,NSW,520.0
2023-01-01,NT,500.0
2023-01-01,QLD,440.0
2023-01-01,SA,380.0
2023-01-01,TAS,390.0
2023-01-01,VIC,410.0
2023-01-01,WA,440.0
2023-02-01,ACT,560.0
2023-02-01,NSW,530.0
2023-02-01,NT,500.0
2023-02-01,QLD,450.0
2023-02-01,SA,380.0
2023-02-01,TAS,390.0
2023-02-01,VIC,420.0
2023-02-01,WA,450.0
2023-03-01,ACT,560.0
2023-03-01,NSW,540.0
2023-03-01,NT,500.0
2023-03-01,QLD,450.0
2023-03-01,SA,390.0
2023-03-01,TAS,400.0
2023-03-01,VIC,420.0
2023-03-01,WA,450.0
2023-04-01,ACT,565.0
2023-04-01,NSW,550.0
2023-04-01,NT,500.0
2023-04-01,QLD,455.0
2023-04-01,SA,390.0
2023-04-01,TAS,400.0
2023-04-01,VIC,420.0
2023-04-01,WA,450.0
2023-05-01,ACT,565.0
2023-05-01,NSW,550.0
2023-05-01,NT,510.0
2023-05-01,QLD,460.0
2023-05-01,SA,395.0
2023-05-01,TAS,400.0
2023-05-01,VIC,425.0
2023-05-01,WA,460.0
2023-06-01,ACT,570.0
2023-06-01,NSW,550.0
2023-06-01,NT,510.0
2023-06-01,QLD,465.0
2023-06-01,SA,400.0
2023-06-01,TAS,400.0
2023-06-01,VIC,430.0
2023-06-01,WA,470.0
2023-07-01,ACT,570.0
2023-07-01,NSW,560.0
2023-07-01,NT,520.0
2023-07-01,QLD,470.0
2023-07-01,SA,400.0
2023-07-01,TAS,400.0
2023-07-01,VIC,435.0
2023-07-01,WA,475.0
2023-08-01,ACT,570.0
2023-08-01,NSW,570.0
2023-08-01,NT,520.0
2023-08-01,QLD,480.0
2023-08-01,SA,400.0
2023-08-01,TAS,400.0
2023-08-01,VIC,440.0
2023-08-01,WA,480.0
2023-09-01,ACT,570.0
2023-09-01,NSW,575.0
2023-09-01,NT,525.0
2023-09-01,QLD,480.0
2023-09-01,SA,410.0
2023-09-01,TAS,400.0
2023-09-01,VIC,449.0
2023-09-01,WA,490.0
2023-10-01,ACT,575.0
2023-10-01,NSW,580.0
2023-10-01,NT,530.0
2023-10-01,QLD,480.0
2023-10-01,SA,415.0
2023-10-01,TAS,400.0
2023-10-01,VIC,450.0
2023-10-01,WA,500.0
2023-11-01,ACT,578.0
2023-11-01,NSW,583.0
2023-11-01,NT,530.0
2023-11-01,QLD,490.0
2023-11-01,SA,420.0
2023-11-01,TAS,405.0
2023-11-01,VIC,450.0
2023-11-01,WA,500.0
2023-12-01,ACT,580.0
2023-12-01,NSW,592.0
2023-12-01,NT,530.0
2023-12-01,QLD,490.0
2023-12-01,SA,420.0
2023-12-01,TAS,410.0
2023-12-01,VIC,455.0
2023-12-01,WA,500.0
2024-01-01,ACT,580.0
2024-01-01,NSW,600.0
2024-01-01,NT,538.0
2024-01-01,QLD,500.0
2024-01-01,SA,425.0
2024-01-01,TAS,410.0
2024-01-01,VIC,460.0
2024-01-01,WA,520.0
2024-02-01,ACT,580.0
2024-02-01,NSW,600.0
2024-02-01,NT,540.0
2024-02-01,QLD,500.0
2024-02-01,SA,430.0
2024-02-01,TAS,415.0
2024-02-01,VIC,465.0
2024-02-01,WA,520.0
2024-03-01,ACT,590.0
2024-03-01,NSW,600.0
2024-03-01,NT,540.0
2024-03-01,QLD,500.0
2024-03-01,SA,440.0
2024-03-01,TAS,415.0
2024-03-01,VIC,470.0
2024-03-01,WA,530.0
2024-04-01,ACT,590.0
2024-04-01,NSW,610.0
2024-04-01,NT,540.0
2024-04-01,QLD,515.0
2024-04-01,SA,450.0
2024-04-01,TAS,420.0
2024-04-01,VIC,475.0
2024-04-01,WA,540.0
2024-05-01,ACT,590.0
2024-05-01,NSW,620.0
2024-05-01,NT,540.0
2024-05-01,QLD,520.0
2024-05-01,SA,450.0
2024-05-01,TAS,420.0
2024-05-01,VIC,480.0
2024-05-01,WA,550.0
2024-06-01,ACT,595.0
2024-06-01,NSW,620.0
2024-06-01,NT,545.0
2024-06-01,QLD,520.0
2024-06-01,SA,450.0
2024-06-01,TAS,420.0
2024-06-01,VIC,480.0
2024-06-01,WA,550.0
2024-07-01,ACT,595.0
2024-07-01,NSW,625.0
2024-07-01,NT,550.0
2024-07-01,QLD,525.0
2024-07-01,SA,450.0
2024-07-01,TAS,420.0
2024-07-01,VIC,490.0
2024-07-01,WA,560.0
2024-08-01,ACT,595.0
2024-08-01,NSW,630.0
2024-08-01,NT,550.0
2024-08-01,QLD,525.0
2024-08-01,SA,460.0
2024-08-01,TAS,420.0
2024-08-01,VIC,500.0
2024-08-01,WA,575.0
2024-09-01,ACT,595.0
2024-09-01,NSW,640.0
2024-09-01,NT,550.0
2024-09-01,QLD,530.0
2024-09-01,SA,465.0
2024-09-01,TAS,420.0
2024-09-01,VIC,500.0
2024-09-01,WA,580.0
2024-10-01,ACT,595.0
2024-10-01,NSW,640.0
2024-10-01,NT,550.0
2024-10-01,QLD,540.0
2024-10-01,SA,470.0
2024-10-01,TAS,420.0
2024-10-01,VIC,500.0
2024-10-01,WA,590.0
2024-11-01,ACT,595.0
2024-11-01,NSW,650.0
2024-11-01,NT,550.0
2024-11-01,QLD,540.0
2024-11-01,SA,475.0
2024-11-01,TAS,425.0
2024-11-01,VIC,500.0
2024-11-01,WA,600.0
2024-12-01,ACT,595.0
2024-12-01,NSW,650.0
2024-12-01,NT,550.0
2024-12-01,QLD,550.0
2024-12-01,SA,480.0
2024-12-01,TAS,425.0
2024-12-01,VIC,500.0
2024-12-01,WA,600.0
2025-01-01,ACT,595.0
2025-01-01,NSW,650.0
2025-01-01,NT,550.0
2025-01-01,QLD,550.0
2025-01-01,SA,480.0
2025-01-01,TAS,430.0
2025-01-01,VIC,510.0
2025-01-01,WA,600.0
2025-02-01,ACT,595.0
2025-02-01,NSW,650.0
2025-02-01,NT,550.0
2025-02-01,QLD,550.0
2025-02-01,SA,490.0
2025-02-01,TAS,430.0
2025-02-01,VIC,510.0
2025-02-01,WA,600.0
2025-03-01,ACT,597.0
2025-03-01,NSW,650.0
2025-03-01,NT,552.0
2025-03-01,QLD,550.0
2025-03-01,SA,490.0
2025-03-01,TAS,430.0
2025-03-01,VIC,520.0
2025-03-01,WA,600.0
2025-04-01,ACT,595.0
2025-04-01,NSW,650.0
2025-04-01,NT,560.0
2025-04-01,QLD,560.0
2025-04-01,SA,495.0
2025-04-01,TAS,430.0
2025-04-01,VIC,520.0
2025-04-01,WA,613.0
