random_state,MAE,RMSE,R2
1,31.783582614573348,51.07159967442367,0.779152381955692
10,31.678235959850763,49.20675500751769,0.7837836221918824
21,35.028862361704775,55.02829708447554,0.7551998844079066
42,34.292817460385876,60.47744166741755,0.7351449742949554
52,29.880092044190526,43.72036748139018,0.812664066488489
73,31.09899073257863,43.69794950717605,0.8182583545331602
100,28.86693725677882,40.009614670895985,0.8539923170791233
123,29.36273519211529,45.096693872023295,0.8026031029919591
202,28.891851523920177,41.99040107085553,0.8559215523037649
999,30.285171782550993,46.75844838359569,0.8048259605241603
