state,year,annual_mean_median_weekly_rent,population,median_employee_income,annualised_median_rent,rent_to_median_employee_income_pct
Australian Capital Territory,2019,486.0,435730.0,67403.5,25272.0,37.49360196428969
New South Wales,2019,480.8333333333333,8046748.0,52262.0,25003.333333333332,47.84228183638845
Northern Territory,2019,424.5833333333333,246559.0,59567.0,22078.333333333332,37.06470584943565
Queensland,2019,379.5833333333333,5088847.0,50780.0,19738.333333333332,38.87029014047525
South Australia,2019,324.8333333333333,1767395.0,50200.0,16891.333333333332,33.64807436918991
Tasmania,2019,282.5,547841.0,47949.0,14690.0,30.63671817973263
Victoria,2019,389.0,6537305.0,51667.0,20228.0,39.150715156676405
Western Australia,2019,350.0,2659625.0,55366.5,18200.0,32.87186294961755
Australian Capital Territory,2020,499.5833333333333,444903.0,69971.5,25978.333333333332,37.1270207632155
New South Wales,2020,472.5,8110610.0,53969.5,24570.0,45.525713597494885
Northern Territory,2020,415.0833333333333,247428.0,60450.0,21584.333333333332,35.70609318996416
Queensland,2020,381.25,5165613.0,51811.0,19825.0,38.26407519638686
South Australia,2020,329.0,1790355.0,51142.0,17108.0,33.45195729537366
Tasmania,2020,305.0,557578.0,49449.0,15860.0,32.07344941252604
Victoria,2020,390.25,6615046.0,53070.0,20293.0,38.23817599397023
Western Australia,2020,350.0,2712912.0,57243.5,18200.0,31.794002812546402
Australian Capital Territory,2021,503.0,452508.0,72444.0,26156.0,36.10512947932196
New South Wales,2021,474.1666666666667,8097062.0,56326.5,24656.666666666668,43.77454069872381
Northern Territory,2021,438.75,248151.0,64618.0,22815.0,35.30749945835526
Queensland,2021,385.8333333333333,5215814.0,53620.0,20063.333333333332,37.417630237473574
South Australia,2021,334.5833333333333,1802601.0,53546.0,17398.333333333332,32.49231190627373
Tasmania,2021,324.1666666666667,567239.0,51062.0,16856.666666666668,33.01215515778205
Victoria,2021,383.1666666666667,6547822.0,55438.5,19924.666666666668,35.94012584515575
Western Australia,2021,371.6666666666667,2749365.0,60014.0,19326.666666666668,32.203596938492126
Australian Capital Territory,2022,534.9166666666666,461262.0,74927.5,27815.666666666664,37.12344154905297
New South Wales,2022,497.0833333333333,8182098.0,57392.5,25848.333333333332,45.037824338255575
Northern Territory,2022,487.0,253100.0,67148.0,25324.0,37.713707035205815
Queensland,2022,415.0,5310905.0,55631.5,21580.0,38.79097274026406
South Australia,2022,358.75,1824969.0,55026.5,18655.0,33.901847291759424
Tasmania,2022,363.75,572300.0,52651.0,18915.0,35.92524358511709
Victoria,2022,397.4166666666667,6615232.0,57566.0,20665.666666666668,35.899083950016795
Western Australia,2022,413.3333333333333,2793934.0,61869.0,21493.333333333332,34.74006907067083
Australian Capital Territory,2023,568.1666666666666,471340.0,79195.5,29544.666666666664,37.30599171249208
New South Wales,2023,558.3333333333334,8356387.0,61704.0,29033.333333333336,47.052595185617356
Northern Territory,2023,514.5833333333334,257508.0,68368.0,26758.333333333336,39.13868086434199
Queensland,2023,467.5,5450235.0,59003.0,24310.0,41.20129484941444
South Australia,2023,400.0,1857646.0,58449.0,20800.0,35.58657975328919
Tasmania,2023,399.5833333333333,573731.0,56506.0,20778.333333333332,36.77190622824715
Victoria,2023,433.6666666666667,6797169.0,61693.0,22550.666666666668,36.55303951285667
Western Australia,2023,472.0833333333333,2890936.0,65658.0,24548.333333333332,37.38818321199752
